"","ID","ability_IAT","moral_IAT","ability_ALT_rt_val","moral_ALT_rt_val","ability_ALT_rt_ref","moral_ALT_rt_ref","ability_SRET_EW","moral_SRET_EW","ability_ALT_d_val","moral_ALT_d_val","ability_ALT_d_ref","moral_ALT_d_ref"
"1","phase_003_subj_10",0.669,0.699,86.758865248227,12.4561170212766,62.25,-22.4162234042553,9,10,0.602019830759811,-0.0269127995747196,1.43944670076167,0.361000253232143
"2","phase_003_subj_11",0.572,0.061,35.5190602836878,116.354166666667,-26.875,-2.92242907801426,9,9,-1.0236532630676,0.598348085261871,0.28548916934169,-0.499848887749534
"3","phase_003_subj_13",0.704,-0.268,101.781471631206,23.3513002364067,115.479166666667,-13.1730158730159,10,9,2.0338665237957,0.352176373434807,1.56675414535263,0.641929040056117
"4","phase_003_subj_2",0.237,0.453,48.375,20.5760869565217,46.4242021276596,6.64361702127655,6,6,0.244516122989663,-0.273707601918797,0.246535973828451,0.30679956714025
"5","phase_003_subj_3",0.356,0.112,-24.8563829787234,107.81007751938,-3.60106382978722,71.9822695035461,3,10,1.12573252645033,1.15168380618936,0.953319390287959,1.20664610738759
"6","phase_003_subj_4",0.442,0.274,38.3973172987974,109.104166666667,18.1817375886525,38.4375,9,10,1.30479962648245,1.62981131840228,0.954889714655984,0.24225465027014
"7","phase_003_subj_6",0.044,-0.2,55.0833333333334,78.856884057971,13,109.479166666667,10,8,0.661754997005616,0.945457743429702,0.0764228592052651,1.26926898728482
"8","phase_003_subj_8",0.236,0.517,-71.6972517730496,-3.57608695652175,6.50969267139476,-65.0135869565217,5,10,-0.634860115894637,-0.337509421768464,0.565359605725998,-1.66509933740121
"9","phase_003_subj_9",0.712,0.573,-10.5625,56.3958333333334,20.6041666666667,57.4835992907801,4,3,-0.162968674535374,0.650353523410503,0.234738832552792,1.32884251311935
"10","phase_004_subj_1",0,0.319,107.729166666667,82.3958333333333,96.8670212765958,13.4791666666666,9,9,0.0303762292699861,-0.224629434288746,1.00023492603597,-1.08177690395042
"11","phase_004_subj_10",0.117,0.682,41.8058510638298,19.1041666666666,46.3125,27.8333333333334,3,7,-0.19906619698155,0.2877605456912,0.99212467040392,-0.118161120528739
"12","phase_004_subj_11",0.316,-0.531,80.1227836879432,142.666666666667,13.1852836879432,167.083333333333,0,9,0.841515992649266,0.291905137674279,0.295301871857959,0.282922193323515
"13","phase_004_subj_13",0.092,0.158,109.501811594203,-29.5607269503546,37.5,-38.5398936170212,7,10,1.03571540973943,0.20279305000772,1.15230174288978,0.085946722059028
"14","phase_004_subj_15",0.328,0.38,44.1875,84.1576086956521,38.9719202898551,58.5416666666666,9,10,0.0943466406731543,1.58045618438711,0.0246669990944062,1.99888493038674
"15","phase_004_subj_16",0.566,0.22,95.8333333333334,16.5625,46.5274822695036,37.6289893617021,7,10,0.604480658620035,0.338131578876095,0.3392458689645,-0.139050853012348
"16","phase_004_subj_18",0.559,0.815,46.4583333333333,77.1853427895982,141.979166666667,3.10251450676981,9,10,0.831319214104618,1.776347453634,1.48387806613302,0.542258127154128
"17","phase_004_subj_2",0.227,0.295,88.5744680851063,-26.6594202898551,73.1750886524823,74.0697463768116,9,10,1.3891980677331,-0.586026876060449,2.03323036241207,1.23948667000922
"18","phase_004_subj_3",-0.221,0.466,-19.4069444444444,-68.5555555555555,-7.73333333333323,-19.2072463768116,5,10,0.867917355288474,-0.835408196618857,1.01841575576339,0.549374762998071
"19","phase_004_subj_5",-0.089,0.651,82.5208333333334,74.3993794326241,55.4583333333334,23.2291666666666,4,9,0.727391941804647,1.95033777668973,1.23304584190412,1.16064195788141
"20","phase_004_subj_8",-0.715,-0.144,52.3382092198581,19.1232269503546,16.4791666666666,-0.0642730496454078,8,10,0.188301067660085,-1.22222546175643,-0.834842706464083,-0.449135005800223
"21","phase_005_subj_1",0.603,0.785,33.2322616407982,24.4037605145967,121.254988913525,4.87386018237078,9,10,1.59421727543569,0.680749713599758,1.88697036612091,0.0428509532604053
"22","phase_005_subj_10",0.221,0.409,104.889492753623,47.3413120567376,29.2083333333333,57.5208333333334,9,10,0.797248841857353,0.339307210841366,-0.395283820279887,0.504672794215275
"23","phase_005_subj_12",0.221,0.128,42.7223320158103,-31.125,25.4065679925994,-25.9228723404256,2,7,0.431218357815392,-0.192487650212573,-0.293466530400178,0.80344670006766
"24","phase_005_subj_13",0.78,0.316,63.1041666666666,44.8311170212766,31.4583333333333,43.2686170212766,3,3,0.850135806001861,-0.553474824870005,-0.0351853289078945,-0.0492775724702494
"25","phase_005_subj_16",0.721,0.49,34.7916666666667,7.16666666666663,71.5,25.2007978723404,-2,-10,0.0727112857321583,-0.338131578876095,0.919446594622333,0.821785907733644
"26","phase_005_subj_18",0.788,1.431,106.5,26.2708333333334,0.958333333333258,15.3125,8,10,1.29524008783987,0.218028709229238,0.706402696641885,0.721902742852634
"27","phase_005_subj_19",0.643,0.859,48.5570652173913,59.9375,100.604166666667,123.604166666667,7,10,-0.00864132144790641,1.80142838633419,0.122521136667124,1.14165185880412
"28","phase_005_subj_2",0.065,0.29,119.636231884058,-22.8632246376812,-10.0458333333333,-53.7916666666667,7,9,0.385385631341009,-1.46263578593909,0.157902726521112,-0.911188061682468
"29","phase_005_subj_3",1.044,0.54,61.2708333333333,43.4888888888889,3.67730496453896,26.0425531914893,5,10,0.49862446470144,0.462877779038803,-0.749943028118287,-0.583985222499511
"30","phase_005_subj_4",0.262,0.138,72.9468085106383,41.3478260869565,44.3695652173913,13.6521739130435,7,10,1.97325770578703,0.965793213968017,-0.344186935808225,0.406728423793963
"31","phase_005_subj_5",0.337,0.311,29.9166666666667,111.25,71.5208333333334,135.001773049645,8,9,0.0146160374953932,0.471514761448086,0.736518780348026,1.6234730680506
"32","phase_005_subj_7",-0.105,0.134,4.47916666666663,-14.0625,14.4375,19.4791666666666,8,8,-0.294061295486139,-0.0589356985753446,-0.0660282320550727,-0.254688537753102
"33","phase_005_subj_9",0.341,0.157,58.1875,-14.3568262411347,81.0625,16.9765070921985,7,7,1.4895219748216,-0.676149000306782,1.04360231267187,-0.230847444759358
"34","phase_006_subj_1",0.428,0.91,68.0625,-7.39184397163126,43.1458333333334,-11.7043439716313,9,9,0.56073661636073,-0.695799804294011,0.451904562928807,-0.740357363248727
"35","phase_006_subj_10",0.692,0.734,138.583333333333,52.7021276595744,104.708333333333,27.6875,5,9,1.21724671454187,0.276668361371067,1.40188266349775,-0.561166422055217
"36","phase_006_subj_17",0.815,0.683,68.125,185.333333333333,97.2291666666666,140.791666666667,10,9,0.907848617465761,1.05282977719432,1.42384477923854,0.840856184806876
"37","phase_006_subj_19",-0.024,0.049,-60.3958333333333,157.201684397163,-8.98731884057963,160.083333333333,4,9,-1.0414172112925,0.314703548914131,-0.746181691887068,0.781400087219155
"38","phase_006_subj_2",0.496,0.641,109.270833333333,147.5625,41.3541666666666,102.5,5,9,0.916400621942122,0.57561800675932,1.08840794263896,0.491582749914575
"39","phase_006_subj_22",0.189,0.231,156.123188405797,169.770833333333,184.458333333333,74.6121453900709,10,10,1.44497216938146,1.27984143124781,1.98829657779951,1.13520233369451
"40","phase_006_subj_23",0.646,0.175,-61.3874113475177,102.4375,-58.5625,46.25,5,8,-1.5443847940621,3.01290413618821,-1.82730698738561,1.64432253576566
"41","phase_006_subj_24",-0.432,0.577,-117.375,17.0457909343201,-23.5833333333333,-35.9605496453901,6,10,-1.64288578790771,-0.86204626637613,-0.376568638621776,-1.77727579551096
"42","phase_006_subj_25",0.852,1.059,93.2708333333334,66.5833333333333,67.25,72.125,7,10,1.16584456428351,0.937865074877966,1.02884618180981,1.25037362896402
"43","phase_006_subj_4",0.689,0.743,27.5,-95.7158687943262,37.0625,12.7007978723404,8,10,-1.23587561426625,-0.911211550775769,-0.741927013684889,-0.569407301021241
"44","phase_006_subj_5",0.156,0.016,85.4791666666666,114.251329787234,52.2916666666666,56.625,6,10,0.0233519397514428,1.50254466486029,0.232644746724631,-0.0786014283973957
"45","phase_006_subj_7",0.181,0.21,-66.3222222222222,84.7291666666666,-95.2805555555556,61.4583333333334,6,10,-1.77220567278529,1.60610683240593,-1.3548248949827,0.88648475132538
"46","phase_006_subj_8",0.749,0.771,63.3541666666667,-14.25,12.5833333333334,-11.5625,4,10,1.55734514127658,-0.769907583870809,0.8186075165619,0.653840004600748
"47","phase_007_subj_1",0.889,1.126,-96.9791666666667,72.7083333333333,0.874113475177296,57.5,8,9,-0.878727618568318,1.04871149571421,0.130345154577413,0.0842739890486728
"48","phase_007_subj_10",0.389,0.032,45.625,12.7083333333334,26.75,59.9791666666666,9,10,0.579326942135175,-2.29100139333558,0.884496677714318,-0.461300822236383
"49","phase_007_subj_11",-0.258,0.818,68.5895390070922,42.3333333333334,56.6458333333333,76.3632246376812,7,9,0.0982924725679259,0.906812494049972,0.194809916284366,0.946143936908685
"50","phase_007_subj_12",0.237,0.408,-101.510165484634,57.1675531914893,-106.793236714976,51.5633865248227,5,10,-1.4259117674999,1.42356633449867,-1.40400745274434,0.600321872964577
"51","phase_007_subj_13",-0.091,0.41,144.370567375887,74.8874113475177,29.9875886524823,-3.5,9,9,1.1862689946252,1.0568607702866,-0.934771330790829,-0.0447604947462006
"52","phase_007_subj_16",0.728,0.691,-24.6662234042553,60.5416666666666,29.125,57.8958333333333,7,10,-0.342049665116571,1.88026403896196,0.493093005710298,1.05282977719432
"53","phase_007_subj_17",0.334,0.071,12.5416666666667,91.25,10.75,81.0505319148937,9,10,0.799118336160502,1.42823334195675,0.809842529794417,1.71495858130405
"54","phase_007_subj_18",0.287,1.043,81.4756205673759,38.75,71.9583333333334,42.5833333333334,10,10,0.961138347177129,0.709639278364999,0.931684514295855,0.923311190373595
"55","phase_007_subj_19",0.122,-0.023,93.1405141843971,9.72916666666663,93.5833333333334,35.8364361702128,9,10,1.87793487975767,-0.959009740179893,1.03694034215296,0.453737817031695
"56","phase_007_subj_21",0.376,-0.2,76,59.9791666666666,45.8541666666667,-32.6551418439717,7,10,0.205752243225428,1.5487456918325,0.498942459246057,0.817189536814354
"57","phase_007_subj_3",0.641,0.701,82.7854609929078,70.7291666666666,24.4521276595744,94.9375,7,9,1.42486108510066,1.42384477923854,1.33561837848808,1.81448196248216
"58","phase_007_subj_4",0.632,0.845,-102.583333333333,-54.8089539007092,45.5416666666667,-13.2672872340426,10,9,-0.274157206556033,-0.884112431255228,-0.52924740797312,-1.1737190360789
"59","phase_007_subj_5",0.131,0.632,60.1666666666666,72.2916666666666,46.3541666666666,52.7083333333333,9,10,1.03580939184387,1.07507731944995,1.36433106717446,0.645075017833268
"60","phase_007_subj_6",1.084,1.066,-39.0833333333334,34.4255319148937,-52.2083333333334,-9.66666666666663,8,10,-0.495847568081763,0.235473299996199,-0.312919753807456,-0.641400083239122
"61","phase_007_subj_8",0.325,0.149,58.1875,150.752216312057,81.7291666666666,169.77304964539,7,10,0.0433142365648176,1.4805629646014,0.904830557126939,1.41688156920448
"62","phase_008_subj_1",0.818,0.85,-16.3541666666666,67.1666666666666,81.3958333333334,-26.3125,8,10,-2.05945626795848,0.927905864894171,-0.348387862138968,-0.764242830020544
"63","phase_008_subj_10",0.095,0.629,97.9596631205674,143.02761627907,8.27216312056737,23.75,7,9,0.745758708881475,1.49562888461543,0.639022591666031,-0.373232473831026
"64","phase_008_subj_11",0.679,0.854,-18.1041666666667,40.4583333333333,-44.9375,-45.0416666666667,8,10,-0.435745447021153,0.381490502204455,-0.565696040655383,-0.496075220612448
"65","phase_008_subj_12",0.726,0.91,-70.4166666666667,-4.125,-7.6875,-38.9166666666666,8,8,-1.11487824649906,-0.338131578876095,-0.62429310301745,-0.197916955038525
"66","phase_008_subj_13",0.724,0.658,85.8333333333334,57.4166666666666,78.8958333333334,122.229166666667,8,10,1.05481785080539,1.32165417931671,0.778858867515937,1.38135145252491
"67","phase_008_subj_14",0.562,0.686,41.5265957446809,74.4685990338164,-16.7083333333334,119.890821256039,9,9,1.40872221120481,-0.080386419816473,0.315787424649979,1.48315986972726
"68","phase_008_subj_15",0.719,-0.066,65.3333333333333,215.833333333333,77.4375,210.753102836879,9,10,-0.00876498676748216,2.30788357863806,1.04406479042684,1.79435976227032
"69","phase_008_subj_16",0.31,0.414,68.125,-46.1604609929078,36.125,35.2978723404256,6,8,-0.280963652694783,0.0554286376795239,1.05405550292649,1.08646048424185
"70","phase_008_subj_17",0.718,0.71,-32.9166666666666,144.028368794326,-23.8958333333334,176,10,10,-0.056631889097734,1.46489160639986,0.1099484333718,1.81303252342209
"71","phase_008_subj_18",0.422,0.745,-0.761968085106332,-7.77083333333337,46.876329787234,-20.1041666666666,6,10,-0.990090492664058,0.529007438563209,0.348151001734289,-0.168333099480005
"72","phase_008_subj_19",0.953,0.707,91.4166666666666,34.6449468085107,56.3125,40.3324468085107,9,9,0.7825131034048,0.168113434219417,-0.311954506234835,-0.200031668654316
"73","phase_008_subj_2",0.853,0.704,212.562943262411,17.3363636363637,92.2437943262411,67.7533849129594,8,9,0.492412310638273,0.818830265878445,-0.410756540375165,0.755066635183899
"74","phase_008_subj_20",0.728,0.65,61.0886524822696,204.125,32.75,216.514627659574,5,10,0.683212503265008,2.78617403582203,0.697340538043214,2.87848139289284
"75","phase_008_subj_8",-0.008,0.395,23.9574468085107,-9.7203014184397,102.318262411348,41.321365248227,7,9,0.218712512880271,0.190921505260225,1.10110527253132,0.794178853235731
"76","phase_009_subj_1",0.197,0.037,37.5833333333334,116.229166666667,85.4583333333334,9.4375,10,10,0.124832566037542,0.473502835059148,-0.305169735579143,0.772699516914306
"77","phase_009_subj_10",0.572,0.073,43.9815891472869,60.9555555555555,-31.7437943262411,9.33333333333337,9,10,0.529811515743456,1.30515145354401,0.476166926697766,0.917297528297121
"78","phase_009_subj_11",0.995,0.818,7,27.3958333333334,-17,-9.91666666666663,7,9,0.119682574047123,0.430106336817875,-1.19410080461104,0.202822326991652
"79","phase_009_subj_12",0.277,0.741,125.395833333333,-130.212765957447,83.4791666666666,-143.471187943262,10,10,0.400201203830833,-1.36063693208754,-0.0854674476644748,-1.3728027485237
"80","phase_009_subj_13",1.118,0.496,144.124556737589,143.875,80.6382978723404,82.2916666666666,8,9,1.83299781335918,2.31806144496406,1.14612896989405,1.88026403896196
"81","phase_009_subj_14",0.614,0.729,94.6808510638298,112.041666666667,112.961879432624,95.1883865248227,-1,2,1.93618484436374,1.00194957984518,1.3874022550148,0.818076971958849
"82","phase_009_subj_15",0.514,0.403,82.8260047281324,130.744680851064,59.5398936170212,170.175413711584,9,9,0.586725770266446,-1.18671977234554,0.157661929657206,0.231977113964064
"83","phase_009_subj_16",0.268,0.592,74.2083333333333,-17.231884057971,60.239804964539,32.080615942029,9,10,2.2223360490645,-0.200722638262908,1.83568472523143,0.338951077813531
"84","phase_009_subj_18",0.515,0.274,117.571808510638,135.076992753623,73.1675531914893,185.125,5,10,1.52046038869675,2.26272181084187,1.25651888648737,1.86580204320757
"85","phase_009_subj_19",0.73,0.575,39.2708333333334,53.2708333333333,-14.9583333333334,13.3958333333333,9,9,-0.459071713019557,-0.215210174110559,-1.27836067148656,-0.463456842358319
"86","phase_009_subj_20",0.114,-0.279,7.58333333333337,71.2340425531914,31.0625,-19.125,9,10,0.136584815627609,0.546784524706134,0.939522197098722,0.118474408771733
"87","phase_009_subj_21",0.334,-0.08,90.5074005550416,-78.0869565217391,31.1595744680851,-33.8665318503539,5,10,0.930126677279018,-1.53008506621684,0.0382740252674729,-0.469473658466309
"88","phase_009_subj_22",0.233,0.348,-42.0625,141.02304964539,14.9375,122.166666666667,2,6,-0.491855443846881,1.56860645424,0.300394339998358,1.7851097101343
"89","phase_009_subj_23",0.352,0.579,75.7291666666666,80.4583333333334,55.7291666666666,47.0625,7,10,0.900308086807441,0.0723896756178606,-0.193071761163419,1.22236907552459
"90","phase_009_subj_5",0.125,0.999,26.875,64.1666666666666,46.1041666666666,41.4375,8,10,0.270068840624211,0.371452509546262,1.04187539199542,0.371452509546262
"91","phase_009_subj_6",0.157,0.48,140.15469858156,19.3958333333334,123.048315602837,10.4348404255319,3,8,1.70952140613099,1.05681778753568,1.18896881949702,0.848953486782067
"92","phase_009_subj_7",0.603,0.453,160.258421985816,215.388257575758,144.208333333333,100.270833333333,9,9,1.19370717501,1.28981939265079,1.24556450128847,1.26009039810231
"93","phase_009_subj_8",0.28,0.447,113.875,109.971187943262,113.44725177305,63.3045212765958,6,9,0.670230728495703,1.31664200636913,0.70164118412054,0.847334531756984
"94","phase_009_subj_9",0.29,0.647,31.6817375886525,17.2898550724638,39.2987588652483,8.16666666666674,8,9,-0.2193387107892,-0.420369390980346,0.58792090936333,0.903345696779014
"95","phase_010_subj_1",0.345,0.824,75.7083333333334,46,29.5048758865248,28.8125,2,9,1.27494967296045,1.68554612852556,0.246414375494952,1.54119170131964
"96","phase_010_subj_11",0.217,0.538,1.77083333333337,12.6666666666666,31.6378546099291,12.2291666666666,9,9,-0.624629252311057,0.816193782854039,0.0236394707339649,0.735358334073473
"97","phase_010_subj_12",0.941,0.604,-3.66666666666663,-52.4791666666667,9.875,-34.625,5,9,-1.1194777224082,-0.959852393242207,-0.99926806868215,-0.629926428941316
"98","phase_010_subj_13",0.637,0.777,23.6041666666666,56.7291666666666,31.8541666666666,61.0625,3,5,1.75320355645095,0.990070352260729,-0.502713587348842,1.2473372534339
"99","phase_010_subj_16",0.574,0.572,113.977393617021,123.770833333333,98.5,84.25,2,10,0.844700802693362,-0.123030789304123,0.305169735579143,0.784817828161636
"100","phase_010_subj_19",1.076,0.807,24.5833333333334,103.63475177305,16.6875,33.8125,9,10,1.29524008783987,1.07578670490861,1.20992614171062,0.703854877031687
"101","phase_010_subj_2",0.172,0.482,-9.14583333333326,-84.3076241134752,-55.625,-45.8909574468086,5,7,0.487233766200662,-0.669372367528466,-0.364546165766564,-0.0836970171586744
"102","phase_010_subj_20",0.416,0.121,48.8333333333334,66.7083333333334,44.4330673758866,35.7083333333334,4,9,0.897626012592534,1.44959064765079,1.19505566898234,0.827002254954139
"103","phase_010_subj_21",0.206,0.403,29.9601063829788,65.4057971014493,121.468085106383,-34.6875,7,8,1.02945988966655,0.604939388050267,0.848445893751783,0.941419527278897
"104","phase_010_subj_22",0.768,0.586,-39.446365248227,0.75,17.3570767807585,42.1458333333334,5,9,-0.299504981728877,-0.303002295167706,-0.546991840266166,-0.423903925406444
"105","phase_010_subj_24",0.086,-0.221,1.5,69.0771276595744,5.52083333333326,104.368794326241,7,9,0.579326942135171,0.0459294318006052,1.43071079850562,-0.898650567761541
"106","phase_010_subj_3",0.067,-0.317,8.14583333333337,17.5625,58.4791666666666,-6.3741134751773,8,10,0.747660041615178,0.120982337486639,1.93486882651344,-0.261039429208533
"107","phase_010_subj_6",0.403,0.703,23.2969472710453,172.545833333333,30.9848699763593,110.606826241135,6,10,1.07406318523597,1.20480914858461,-0.0352398617882348,0.409940481070758
"108","phase_010_subj_7",0.86,1.187,101.198611111111,62.7146739130435,92.7092391304348,104.495833333333,9,9,0.121902425240677,1.54279050210148,1.19303882692905,0.392976647982988
"109","phase_010_subj_9",0.809,0.47,31,19.6945921985815,-21.625,11.2987588652483,8,9,0.765661934279405,0.37705152184171,-0.250800033535524,-0.0332912515284485
"110","phase_011_subj_1",0.047,0.239,79.7039007092199,67.4791666666667,37.9583333333333,135.583333333333,10,9,0.360143923319411,0.473502835059148,-0.579326942135177,0.61050121753285
"111","phase_011_subj_10",0.4,0.221,55,54.6077898550725,68.2083333333334,137.339982269504,3,10,0.136998382473702,-0.259138133990412,0.954278491147659,0.955232760578989
"112","phase_011_subj_13",0.655,0.948,132.351449275362,75.1480496453901,-3.16666666666674,137.339539007092,8,9,0.634236746175359,0.966616467655577,0.177554762157182,0.859243350405056
"113","phase_011_subj_14",0.453,0.019,35.9166666666666,126.416666666667,4.64583333333326,60.9623226950355,0,8,0.991364697436281,2.1122823311943,0.367911142839461,1.45730787845375
"114","phase_011_subj_16",0.158,0.169,-26.751329787234,12.3958333333333,-116.125,-64.1041666666667,-2,9,0.366300817060719,0.200060779141722,-0.651145262324239,-0.557364826394376
"115","phase_011_subj_17",1.023,0.816,140.895833333333,139.484601449275,154.208333333333,93.3541666666666,9,10,0.869463434031676,0.816849535881819,1.43456897287246,0.421195257876118
"116","phase_011_subj_18",0.466,0.468,88.8142730496454,6.625,74.1458333333333,57.4375,8,8,0.821256865786089,-0.540412071555276,0.0648595704502259,0.217929020456609
"117","phase_011_subj_19",0.38,0.388,1.66666666666663,62.375,23.2083333333333,28.75,7,8,-0.334988542968227,-0.0286052805847836,0.492445718799412,0.750343636491601
"118","phase_011_subj_2",-0.305,0.918,159.104166666667,-129.333333333333,148.916666666667,-44.8333333333334,4,9,0.29293181590562,-2.41716084436878,-0.871868713829988,-1.8378339022336
"119","phase_011_subj_20",0.6,0.017,192.583333333333,55.9166666666667,27.6737588652483,99.167109929078,5,9,2.8506562305086,1.8001142204248,1.21434737552916,1.09083306908571
"120","phase_011_subj_22",0.172,0.349,88.5416666666667,90.550975177305,34.375,98.7291666666666,9,10,1.6870658265913,1.65182854740104,1.12136978593591,1.42384477923854
"121","phase_011_subj_23",0.031,0.593,79.6875,96.9583333333334,64.2708333333334,88.5833333333334,7,8,0.232294389877827,0.120036839529051,-0.198417911691957,0.553755940250273
"122","phase_011_subj_24",-0.058,-0.009,-36.9375,3.82427536231876,51.9747340425532,-25.6498226950355,7,8,-0.327013874700101,-0.305422044277884,-0.0138018611089039,-0.867837118472003
"123","phase_011_subj_25",0.742,0.541,-117.989361702128,152.145833333333,-59.4685283687943,172.416666666667,8,10,-1.36891000328503,1.60838749417801,-0.789583061149851,0.77867257063829
"124","phase_011_subj_3",0.069,0.389,20.3541666666667,-26.5416666666666,6.39583333333337,-37.5,9,10,0.709146580920315,0.412391697420434,0.62887157383749,0.145099997487563
"125","phase_011_subj_4",0.584,0.826,156.83865248227,158.678191489362,165.729166666667,93.2708333333334,9,10,1.16840860362579,1.91478560530594,1.90493103805637,1.54042763976711
"126","phase_011_subj_5",0.726,0.533,2.25,-20.239804964539,60.4875886524823,-137.260638297872,9,10,-0.248399907793484,-1.0706401859401,-0.232386786548956,-2.05300186587143
"127","phase_011_subj_6",0.437,0.748,-43.6458333333334,81.125,63.3333333333334,86.0208333333333,9,10,0.43812239130219,0.652705103140307,1.38185965914522,1.69305431710276
"128","phase_011_subj_7",0.413,0.727,4.56604609929082,81.0780141843971,75.8125,95.7291666666667,8,9,-1.93866008633688,1.28278882451862,-0.424216716146965,1.50657962239196
"129","phase_011_subj_8",0.424,0.064,146.854166666667,103.645833333333,119.395833333333,195.15469858156,10,10,1.71883559823123,1.05282977719432,1.66335554523026,2.03888772917147
"130","phase_011_subj_9",-0.292,0.213,111.294444444444,89.5625,24.6684397163122,6.08333333333326,7,9,0.706538202505657,1.73434022811215,-0.0348002636232976,0.529049495536291
"131","phase_012_subj_10",0.936,0.182,91.9583333333334,38.3913043478261,25.4787234042553,-6.25716928769657,9,9,0.445943759563184,0.263310258705042,-0.0626418693446034,0.235337325837631
"132","phase_012_subj_11",-0.124,0.868,94.5625,-38.9166666666666,-46.7083333333334,30.6968085106383,6,9,-0.0702616099965967,-0.661298029021544,-1.82258671866681,0.0715824369604074
"133","phase_012_subj_12",0.218,0.146,13.8085106382979,-95.9312943262411,103.187056737589,45.1914893617021,5,9,-0.864816717534688,-1.67948328698192,1.16595462155533,-0.530467450125148
"134","phase_012_subj_13",0.535,0.147,110.709219858156,-115.055407801418,70.1458333333333,-110.291666666667,5,9,0.580287401808571,-1.90577729704361,0.892128415767279,-1.15992339157272
"135","phase_012_subj_14",-0.366,0.653,-44.4375,112.75,63.3958333333334,108.6875,10,10,-1.05282977719432,1.61952875544517,1.45515308094559,2.07081876457221
"136","phase_012_subj_15",0.18,0.562,54.011524822695,-7.66666666666663,28.625,5.15381205673759,8,9,1.28744387528832,0.785800317955301,0.907848617465761,0.623543063269127
"137","phase_012_subj_16",0.131,0.147,6.77083333333337,41.3134057971014,72.6458333333334,78.8333333333333,9,10,0.557595983850309,0.632256726320796,1.13891099959655,1.01928110455042
"138","phase_012_subj_17",0.588,0.287,59.5,7.85416666666674,-48.6458333333334,58.9583333333334,9,10,-0.224561758086645,-0.273741511502645,-0.0790092429292859,-0.646973985333671
"139","phase_012_subj_2",0.292,0.227,119.833333333333,84.1538011695907,108.3125,97.2972222222222,8,9,0.502194320061523,0.89823325739146,0.749716933206705,1.10743340731198
"140","phase_012_subj_20",0.442,1.2,98.5833333333334,19.9791666666667,73.9166666666667,-8.4375,-1,5,0.862249135458686,0.197543851769699,0.862249135458686,-4.44089209850063e-16
"141","phase_012_subj_21",0.919,1.198,73.3408687943262,95.1875,167.149379432624,158.3125,8,10,1.35753736532529,1.40150004621593,2.30145255139713,2.92125443733256
"142","phase_012_subj_3",0.457,0.31,39.0172872340426,6.63864734299511,0.145833333333371,18.7736111111111,9,5,1.30669396451133,-0.435137842791367,-0.0810854453926146,-0.905268085357634
"143","phase_012_subj_4",0.221,0.507,32.2916666666667,-16.7021276595746,-15.75,76.5531914893617,8,9,-1.15865388427035,0.266205812888391,-0.371058896731561,0.750771587429998
"144","phase_012_subj_5",0.206,0.84,66.0833333333333,87.2916666666667,82.7291666666666,65.1041666666667,4,9,-0.274157206556029,1.23316694673592,1.49278393960957,1.84366816426877
"145","phase_012_subj_6",0.147,0.599,71.5744680851063,64.5921985815603,87.4826154644525,16.9751773049645,5,9,0.452968257024,0.590555402688232,1.29641283884738,-0.100630847839966
"146","phase_012_subj_7",0.524,0.782,73.2083333333334,-1.97916666666663,85.5416666666666,-45.75,7,10,0.398387201471931,0,0.0694039283580175,0.179281378553365
"147","phase_012_subj_8",0.354,0.236,-59.5625,69.9583333333334,-17.2916666666666,38.0527482269504,10,10,-0.971308341262008,1.34016147554915,-0.600293339217786,1.15844003226021
"148","phase_013_subj_10",0.164,0.377,17.6968085106383,-14.3958333333334,1.12234042553189,-6.5,-4,8,-0.0503993926657593,-0.14313816209584,-0.690115039846833,-0.475854805800888
"149","phase_013_subj_11",0.784,0.622,2.77393617021278,-24.8541666666667,17.8125,27.375,1,4,0.85027470478791,1.21724671454187,0.998788807961289,1.24010246020047
"150","phase_013_subj_13",0.254,-0.056,74.9468085106383,87.761524822695,32.8191489361702,59.2708333333334,8,10,0.139172098353758,-0.251138019447459,-0.566922223508652,0.41456954740161
"151","phase_013_subj_17",-0.668,-0.081,108.227836879433,126.270833333333,66.125,90.6041666666667,6,10,2.39590522767113,1.63956137314757,1.54805772058672,0.686159643881943
"152","phase_013_subj_18",0.654,0.408,98.125,51.1666666666666,124.729166666667,8.52083333333337,8,10,1.6321567193295,-0.239280574426725,1.35619773604005,-0.0107241936339144
"153","phase_013_subj_19",0.794,0.764,40.4782608695652,14.8085106382979,-63.9166666666666,70.6085992907801,9,8,0.825147328797786,0.313964031988358,-0.0676909378858346,1.33754933225999
"154","phase_013_subj_2",0.236,0.449,69.6653368794326,-79.7916666666666,85.9148936170213,11.0153985507246,8,6,2.5654007198098,-1.70817704100653,1.41888439415571,-0.877805749545443
"155","phase_013_subj_21",0.337,0.656,0.987588652482259,60.9072463768116,29.1375886524822,60.7193675889328,9,10,0.310582257418712,0.713466941876098,0.647620404480421,1.37488433018867
"156","phase_013_subj_22",0.308,-0.003,-41.4791666666667,91.2708333333333,-47.0625,60.8333333333333,6,10,-1.32049325880743,1.54805772058672,-1.18589512884897,0.821165897351927
"157","phase_013_subj_23",0.265,0.331,11.4569842738206,23.4565217391304,31.9787234042553,2.37862318840575,-8,6,-0.0574791184809884,0.117739114418062,0.63991448737501,0.231633754510701
"158","phase_013_subj_25",0.099,0.662,48.75,91.1675531914893,90.0310283687943,13.4867021276596,9,9,1.75785011755544,1.27860899328708,0.974238533747794,0.191076210002226
"159","phase_013_subj_26",0.517,0.612,14.7415780141845,171.717391304348,49.9000925069381,124.413043478261,8,4,0.507781148339951,1.6835231649286,0.839535773355518,0.806738650351078
"160","phase_013_subj_27",0.163,0.661,59.2708333333334,55.9583333333333,37.3958333333334,-2.75,9,9,1.05042441818322,0.290739994961396,0.721902742852633,0.516567517201581
"161","phase_013_subj_28",0.553,0.069,61.9166666666667,59.1458333333334,43.0208333333334,47.6781914893617,7,10,0.760325300292181,0.842529763492307,0.682795642032335,0.957183412943395
"162","phase_013_subj_29",0.089,0.574,-10.1910058027079,56.1803885291397,-34.2424242424242,-10.2826086956521,1,10,0.193328841494785,1.30996971574304,-0.837610310195899,-0.126242821969914
"163","phase_013_subj_30",-0.261,0.069,25.9880319148937,-1.23537234042556,81.3541666666666,40.5833333333334,5,7,-0.493057874157516,-0.107887420101053,0.102825192572807,-0.0108466381898373
"164","phase_013_subj_31",-0.058,0.446,165.572222222222,-1.52083333333326,122.181818181818,6.62916666666672,6,9,1.85739823970597,-0.417936048554942,1.00442085136328,-0.0603065153097435
"165","phase_013_subj_32",-0.008,0.221,-73.5135265700484,11.7880434782609,-79.2173913043479,-56.4565217391304,6,10,-0.333631254584169,-0.184228718498995,-1.50669189788979,-0.634762141117225
"166","phase_013_subj_33",0.316,1.305,-28.3333333333333,-10.084219858156,-35.25,45.0027777777779,-5,5,0.258081577574145,-0.446400027340586,-0.677191944352193,0.167633057556885
"167","phase_013_subj_4",0.01,0.435,-7.92599444958364,10.2872340425532,-57.2300724637681,-47.2872340425532,9,10,-1.57905617124933,-0.39593031161104,-1.64150115611934,-0.781802306857115
"168","phase_013_subj_5",0.507,0.726,93.0430555555555,-29.9796484736356,94.0063405797101,29.1267345050878,9,9,-1.27071227091759,-1.00346954650615,0.380796563536784,0.111427591433056
"169","phase_013_subj_6",0.233,0.578,44.9375,74.6196808510638,61.9166666666666,-3.41666666666663,3,4,1.00482136955303,1.62857579405221,0.538144841044593,0.357569478165515
"170","phase_013_subj_7",-0.095,0.452,12.3958333333333,41.9064716312057,43.1041666666666,44.1041666666667,5,8,0.502713587348842,-0.0410890377433297,0.305169735579142,-0.203689109293044
"171","phase_013_subj_8",0.311,0.803,141.36750483559,38.2197039777983,179.233117483811,53.531914893617,8,10,1.19089670861088,0.269393423201139,1.44769724694428,-0.279464229795019
"172","phase_013_subj_9",0.974,0.566,23.3541666666666,33.5833333333333,-8.70833333333337,85.0243794326241,10,10,0.42831854358179,1.31762166679207,0.170137047150294,0.75839085310872
"173","phase_014_subj_10",0.383,0.664,123.729166666667,59.7313829787234,45.2291666666666,-43.7083333333334,8,10,0.783976196348489,0.210177817197876,-0.377115882206418,-0.653558368761892
"174","phase_014_subj_11",0.171,0.81,34.3125,64.6458333333334,35.6666666666667,-18.9791666666666,-2,5,0.15112641725191,0.316666870311103,0.927997211156782,-0.569817881014276
"175","phase_014_subj_12",1.166,1.034,28.375,52.3958333333334,33.3541666666666,65.4583333333334,9,9,0.341804249754528,1.53526695346271,0.0676470431984955,2.02500611580953
"176","phase_014_subj_13",0.852,0.624,80.8333333333334,67.5,6.70833333333337,59.0208333333334,8,10,1.52123600187432,0.115864866507791,0.752120701871156,0.570776325600725
"177","phase_014_subj_16",0.166,0.307,173.3125,33.6183510638298,124.645833333333,74.9583333333334,6,9,1.54805772058672,-0.704833695128685,1.11680414951439,0.713218403428186
"178","phase_014_subj_17",0.228,-0.285,-7.70833333333326,-20.4818262411347,84.5416666666667,-4.77083333333326,9,8,-1.16170124489247,0.133803876080183,0.338374672933749,0.344512536421782
"179","phase_014_subj_18",0.677,0.632,-31.4166666666666,113.625,50.0244565217391,72.2947695035461,9,10,-0.990070352260729,-0.224506719151894,0.478682600967061,0.524206664504842
"180","phase_014_subj_19",0.888,0.303,42.7021276595744,-56.6071428571429,55.7872340425532,-91.9103343465046,6,7,2.72758378082903,-0.667594652071969,0.810066025591439,-0.59124273070465
"181","phase_014_subj_21",0.26,0.475,6.52083333333337,53.7291666666666,7.33333333333337,43.5412234042553,7,10,0.0933472377745979,0.515538612252292,-0.25532303124701,0.578240420657458
"182","phase_014_subj_23",0.345,0.764,83.6875,36.4375,-0.1875,5.27083333333326,6,10,0.659730147265987,0.01773304972905,0.427085400541356,-0.0584646100038944
"183","phase_014_subj_27",0.059,0.732,67.7916666666667,-32.0625,25.6875,-17.6458333333333,10,9,0.050131461049264,-1.11912949805001,-0.990070352260729,-0.568489990842787
"184","phase_014_subj_29",1.056,0.845,119.875,36.7934397163122,186.145833333333,43.7934397163122,10,10,0.589194805856361,0.16064086468328,1.83941734023748,1.2610620096008
"185","phase_014_subj_31",-0.186,0.223,32.6950354609929,-33.4166666666666,4.79920212765956,-28.125,-3,7,1.00220197374864,-0.995644254355276,0.0783760395824236,-0.611873090378739
"186","phase_014_subj_32",0.224,0.878,117.6875,149.614804964539,67.3333333333334,72.5208333333333,9,10,0.110402825419794,0.0114736542978049,0.813959762470868,0.627546153386383
"187","phase_014_subj_33",0.31,0.491,115.8125,173.75,70.7699468085107,85.5833333333334,8,10,0.928888308312904,1.66491803942336,0.632048725063409,1.35774395083706
"188","phase_014_subj_34",0.348,0.923,105.231826241135,216.879432624113,64.1059204440334,185.304964539007,9,7,0.932598396231282,1.66095341495333,0.567917509200769,1.92728439359098
"189","phase_014_subj_36",-0.072,-0.122,7.54166666666663,89.7708333333334,-51.8125,67.5,5,10,-0.622827475577637,1.46581169346055,0.154043318327235,0.884496677714315
"190","phase_014_subj_37",0.342,0.765,82.1875,58.8333333333334,44.9791666666666,55.0048758865248,8,10,1.04177814422283,0.485286655810943,0.353843630244135,0.211022233895767
"191","phase_014_subj_39",0.972,0.828,33.5833333333334,55.3541666666666,37.125,79.9375,9,10,0.473502835059147,1.54032475592613,0.570360630547338,0.970483394477699
"192","phase_014_subj_4",0.11,-0.011,58.5625,62.0208333333334,69.9729609929078,26.2916666666667,-3,8,0.0802275150495331,-0.0377675055121722,1.30429398464054,0.645569696363365
"193","phase_014_subj_40",0.201,0.361,171.6125,42.8553191489362,73.3487318840579,-26.6808510638298,8,10,2.61608612572145,0.437305762285514,1.45188789634432,0.342147382748635
"194","phase_014_subj_41",0.594,0.866,-15.7083333333334,151.5625,5.25,99.5,9,10,0.579326942135173,1.23823247002204,1.20215441771281,0.740890890269101
"195","phase_014_subj_42",-0.265,0.187,-61.1891766882517,-7.08743961352661,-16.9020390070922,34.8496762257168,7,9,-1.23717842040726,0.0029572954466528,-0.136248921809809,-0.220710586357036
"196","phase_014_subj_45",-0.049,0.382,55.6360815602836,206.901595744681,40.031914893617,176.375,8,10,-0.52578775939626,1.2792924778028,0.159184519874334,1.23185469968641
"197","phase_014_subj_48",0.339,0.683,78.9574468085107,0.311170212766001,106.36170212766,43.8057354301573,9,9,-0.303171797104633,-0.101110902984899,-1.11988710954461,0.215173377865179
"198","phase_014_subj_5",0.43,0.426,44.4375,115.110815602837,42.875,107.020833333333,6,9,0.381969387243121,0.0488317864119354,0.564897201517428,0.513437780982758
"199","phase_014_subj_50",-0.311,-0.33,-12.1041666666666,70.7708333333333,31.2708333333334,43.6458333333333,9,9,-0.936453898050543,0.6146135392187,0.470188468093271,-0.553277055211606
"200","phase_014_subj_51",0.631,0.386,83.6875,33.2916666666666,8.375,181.134308510638,8,9,1.4804538778629,1.00969039083246,0.262126435530857,1.16633319844674
"201","phase_014_subj_53",0.367,0.066,32.759019426457,-61.5820035460994,-32.9565602836878,68.4255319148936,5,9,0.721660857547026,-1.47895115579529,0.130981684898242,0.901039752247384
"202","phase_014_subj_55",0.553,0.767,128.765957446809,31.7965425531914,49.1458333333334,42.9166666666666,3,5,1.03959496222885,-1.14301198886171,0.180958462904937,-0.0511084799984802
"203","phase_014_subj_59",0.353,0.967,72.3115942028986,174.083333333333,113.326086956522,174.869680851064,2,4,1.16627678715195,0.865153789145809,1.74839277738378,2.49972886108515
"204","phase_014_subj_61",0.542,0.511,-43.9375,89.0416666666667,23.9375,95.5208333333334,8,10,-0.995827219945271,2.48119153178002,-0.234175034657432,1.64018889120041
"205","phase_014_subj_8",0.14,0.01,93.1875,-63.4791666666666,61.6666666666667,52.9791666666666,10,10,1.53749473811001,-1.65678748305849,1.09801784618447,0.380586230819834
"206","phase_014_subj_9",0.147,0.575,25.0833333333334,166.906702898551,99.8266843971631,193.948158914729,8,8,1.54609552035157,1.79905512438609,1.65600114136185,2.55431489766097
"207","phase_015_subj_1",0.127,0.556,-4.7409420289855,23.4574275362319,15.7916666666666,-12.2708333333334,-5,2,-0.957798148584854,0.12145306470202,-0.830692212478894,-0.634985806093058
"208","phase_015_subj_10",0.545,-0.174,19.9375,-14.6041666666667,4.5625,-47.9583333333334,9,9,0.525942420207916,-0.0602870691809896,0.678870109744681,-0.684234760256158
"209","phase_015_subj_11",0.256,0.447,-2.47916666666674,-54.7774822695036,-43.8958333333334,33.302536231884,9,10,-0.285826847010634,-0.266205812888392,-0.315037599300327,0.175774276612102
"210","phase_015_subj_12",-0.937,0.455,44.2708333333333,80.3958333333334,37.1041666666666,120.979166666667,9,10,8.88178419700125e-16,1.23316694673592,0.322376417807241,2.3480698650342
"211","phase_015_subj_15",1.076,0.598,59.9791666666667,58.3541666666667,88.3958333333334,113,8,10,1.29524008783987,0.341804249754528,1.77488818042236,1.06096310832873
"212","phase_015_subj_16",0.239,0.632,91.5425531914893,54.1458333333334,82.6675531914893,31.9791666666666,0,6,1.08236983138439,0.412359374334618,1.01589351029437,1.17222453021493
"213","phase_015_subj_17",-0.389,0.195,55.7137681159421,91.8958333333334,18.8958333333334,96.9375,9,10,0.0502528369028585,1.34806784570321,0.592284816059297,1.39203741954206
"214","phase_015_subj_18",0.487,0.767,103.395833333333,108.458333333333,-67.4375,93.25,1,9,2.03519145712566,0.390734374010603,0.653840004600746,0.105824107076026
"215","phase_015_subj_19",0.368,0.673,53.1875,94.7841312056738,59,72.8466312056738,7,9,0.860689683286352,1.27186891708434,0.577668666121335,1.10826891144235
"216","phase_015_subj_2",0.467,0.786,41.6041666666666,131.854166666667,72.4166666666666,74.4583333333333,6,10,0.836767818875056,1.72732991755032,0.546027823913661,1.00542717469768
"217","phase_015_subj_20",0.535,1.022,82.7590579710145,-55.2699275362319,75.8958333333333,3.82173913043471,4,9,0.463325159220629,-1.03775455422142,0.387602941349884,0.0778615431640198
"218","phase_015_subj_21",-0.028,0.648,57.625,-14.8958333333333,120.25,-29.0833333333333,8,10,-0.790838387074448,-0.502713587348843,0.968394086761759,1.06096310832873
"219","phase_015_subj_22",0.433,-0.05,4.20833333333326,117.458333333333,-25.0416666666667,117.375,10,10,0.57305446273739,1.99573497170748,-0.203689109293044,1.42818964797038
"220","phase_015_subj_23",0.177,-0.304,-5.875,-38.125,-11.625,-77.4166666666666,10,10,0.662425758820307,-0.319449494592771,0.531126325145123,-0.771576970892652
"221","phase_015_subj_24",0.237,-0.002,32.4680232558139,33.2792553191489,-0.611522198731564,-11.9375,2,6,0.0977276169510386,-1.12723833275179,-0.622143637456687,0.0164742472732506
"222","phase_015_subj_25",0.504,0.13,-23.7149822695036,92.8723404255319,-20.5208333333334,34.0425531914893,-2,5,-0.826877757221312,2.01446523097132,-1.04949835353191,0.618861565812427
"223","phase_015_subj_26",0.622,0.68,-49.9175724637681,92.722941720629,2.17391304347825,61.366903073286,7,8,-1.10128285591673,1.06200988833577,0.149470548385589,1.57663769425912
"224","phase_015_subj_27",0.382,0.313,6.02083333333326,27.5833333333334,6.41666666666663,30.3541666666666,4,7,0.422438580266016,1.59722941611584,0.582021684411685,1.50890196076383
"225","phase_015_subj_28",-0.082,0.736,69.0208333333334,26.6875,59.8541666666667,25.6462765957447,7,10,-0.580795748458919,-1.35799951277346,0.000332970409671507,0.0098678637211842
"226","phase_015_subj_29",0.576,0.592,49.5416666666666,110.6875,32.2237318840579,152.8125,7,7,0.626786787089228,0.867710141975793,0.458114539115148,0.860892917491347
"227","phase_015_subj_3",-0.204,0.131,83.2526595744681,77.8333333333334,46.8958333333334,59.7708333333334,-10,3,0.99582721994527,1.92488478790195,0.670039480100018,1.63414479294056
"228","phase_015_subj_30",1.137,0.866,45.5988475177304,131.696114708603,-27.468085106383,51.2059961315281,8,6,0.79789854950605,0.0558780251336493,1.04282225647302,-0.105599419228152
"229","phase_015_subj_31",0.274,0.264,115.554078014184,31.125,16.7291666666667,32.375,6,5,0.187063970679699,0.161548328824314,-1.11973763507843,-0.383771163976538
"230","phase_015_subj_32",0.909,0.932,89.2708333333334,10.9375,-15.1875,39.7291666666667,9,9,1.27928070250528,-1.22461633020148,0.147177299060155,1.30941144356375
"231","phase_015_subj_33",0.899,0.568,42.7708333333334,77.6666666666666,39.125,93.3541666666666,5,10,0.865723456306642,0.312878407908535,0.865723456306642,0.124832566037541
"232","phase_015_subj_34",0.494,0.49,7.25,14.0106382978723,72.7681737588653,26.4318181818181,8,10,-0.11471134014621,0.067540343867142,-0.694602323928454,0.995449374083116
"233","phase_015_subj_35",-0.244,0.259,99.5416666666666,9.623670212766,22.7083333333334,-26.313829787234,-5,1,2.2853104401006,0.288604021038474,0.653840004600751,-0.352979858610348
"234","phase_015_subj_38",1.049,0.847,-16.375,79.7708333333334,-57.8541666666667,74.3958333333334,10,9,-0.334038491956635,0.288974076981932,-0.732616409107661,0.660904330286715
"235","phase_015_subj_39",0.8,0.588,85.875,148.560283687943,71.7916666666666,112.229166666667,6,7,0.303910708378786,0.69860401417433,-0.060637426027792,0.474074190487944
"236","phase_015_subj_4",0.488,0.531,5.16799645390063,10.0625,53.8346631205674,79.8333333333333,7,9,1.02785799817623,-0.479648092582493,0.282788601293758,0.0552494886459529
"237","phase_015_subj_40",0.597,0.489,24.5416666666667,34.748670212766,25.6875,97.2070035460994,9,6,1.07627521472516,1.15005833351903,1.76869184920595,0.957145582250064
"238","phase_015_subj_42",0.341,0.112,45.0279255319149,67.5625,38.5695921985815,30.625,6,7,-0.208268045403614,-0.899309776228832,0.248214404305081,0.367646641140555
"239","phase_015_subj_43",0.155,0.202,43.7708333333333,-73.125,37.0416666666666,-37.5208333333334,5,8,0.00089296554309426,-0.635701134440604,0.939522197098722,-0.373554083945324
"240","phase_015_subj_47",0.056,0.265,29.4539007092199,65.2628546099291,-10.8125,9.86702127659578,9,9,0.43276720466576,0.653896930273353,-1.079029698768,0.070483236755317
"241","phase_015_subj_48",0.189,0.957,39.4833333333333,50.6684397163122,47.5416666666667,-5.47916666666663,3,9,0.0174822083401902,0.28436445177911,0.821084172488946,-0.00497907069739112
"242","phase_015_subj_49",0.886,0.759,41.4166666666667,-30.561111111111,50.0394503546099,-69,9,10,0.760671318405604,-0.118550268692557,1.38612379160766,-0.940534544332901
"243","phase_015_subj_5",0.345,0.537,-12.7291666666667,-34.7916666666666,51.125,41.7083333333334,9,8,-0.1975438517697,0.535275162547383,0.336221649731013,1.15089859662701
"244","phase_015_subj_6",0.253,0.738,87.6875,105.875,27.4166666666667,99.4375,8,10,-0.0464174345177923,1.35619773604005,0.090580947955909,1.50732415329195
"245","phase_015_subj_7",0.386,0.423,68.9703014184397,-23.1569444444444,74.9513888888889,60.9263888888889,8,10,0.975270975587303,-0.681155931947444,0.0449517524952383,-0.0273159273466912
"246","phase_015_subj_9",1.001,0.422,73.7083333333333,41.6839539007092,110.3125,-44.468085106383,-4,9,0.724463762239146,1.00154912989821,1.08476962827289,0.64672697072107
"247","phase_016_subj_1",0.265,0.733,-102.531914893617,92.0066489361702,-13.8466312056738,85.6666666666666,3,3,-1.19542286885467,1.10698996201946,-0.453859562857893,0.912290432137251
"248","phase_016_subj_10",0.088,0.504,27.4791666666666,108.8125,61.25,107.916666666667,6,9,0.454494376097633,0.471701058325732,0.579326942135174,1.89824057984079
"249","phase_016_subj_11",-0.155,0.389,54.9791666666667,-28.75,102.354166666667,84.3541666666667,9,10,3.5527136788005e-15,0.145278331559753,0.315037599300329,1.26575515195257
"250","phase_016_subj_13",0.324,0.704,105.604166666667,88.0416666666666,65.4583333333333,63.8541666666666,10,9,1.36876807040116,1.68913325005429,0.538183838347615,0.708504376904558
"251","phase_016_subj_16",0.253,0.034,17.0416666666667,76.1666666666666,-34.5416666666666,51.5837765957447,7,9,-0.290739994961395,1.14968757268251,-0.446130635631439,1.27416602352198
"252","phase_016_subj_2",0.338,0.131,68.8723404255319,6.52083333333337,-60.3510638297872,61.4676418439717,6,6,-0.140680582454335,-0.0793729701766175,-0.485579030764926,0.293039629653979
"253","phase_016_subj_20",-0.429,-0.209,-10.4791666666667,33.0833333333334,38.5,21.6666666666667,7,10,-0.106485295691431,1.22402378184597,0.306310368687827,0.396589520078331
"254","phase_016_subj_24",0.268,0.13,91.625,54.7916666666666,38.3541666666666,65.2539893617021,9,10,0.772699516914306,0.539161804646581,1.03201569617224,0.43547534381536
"255","phase_016_subj_25",0.172,0.207,-103.916666666667,-35.2708333333334,-49.25,-62.1458333333334,-5,7,-1.7779797798631,-0.327505572964994,-1.20720345426238,-0.164619698898668
"256","phase_016_subj_29",0.263,0.542,24.7291666666666,131.640957446809,-53.4375,94.3125,5,10,0.734068559288793,1.62615153225082,-0.776870793904874,1.15037078911786
"257","phase_016_subj_30",0.745,0.57,78.875,67.635195035461,78.9583333333333,65.2083333333334,4,5,1.74583319770655,1.72248499418053,2.03568772259123,1.42948708873847
"258","phase_016_subj_31",-0.066,-0.192,82.2043439716313,142.604166666667,-19.2916666666666,137.794769503546,9,10,0.257611712943339,1.17530089797649,0.443284876040626,1.14409646426872
"259","phase_016_subj_32",0.329,0.353,104.083333333333,57.8625886524823,15.6666666666667,39.595744680851,8,8,0.661548676930143,1.10304523532097,-0.675203870741127,1.04093354396436
"260","phase_016_subj_33",0.576,0.717,110.339673913043,-139.574468085106,31.6041666666666,-61.4995567375887,8,10,1.05500198325776,-1.27854819324917,0.0793080970628437,-0.317349602711466
"261","phase_016_subj_34",0.399,0.68,36.2916666666667,26.125,5.58333333333337,-12.0625,4,10,-0.180898226005476,0.654255699654137,0.584174691548802,0.681814775150102
"262","phase_016_subj_35",0.012,0.966,197.046985815603,47.3541666666666,89.6041666666666,47.5208333333333,-4,-7,1.2919306132109,-0.558193640349821,0.767569552425211,0.220478930288471
"263","phase_016_subj_36",0.564,0.072,122.729166666667,-55.7291666666666,57.3541666666666,-8.35416666666663,10,9,0.996887576745175,0.993745286854875,-0.456296152831049,0.993745286854875
"264","phase_016_subj_38",-0.182,1.093,83.5,23.5208333333334,-16.5833333333333,-72.8178191489362,9,7,0.697998411926028,1.02089693560927,-0.408755336514492,-0.834708815787987
"265","phase_016_subj_4",0.999,0.123,100.5625,59.3659420289855,27.8958333333333,47.0833333333334,8,10,0.707069550169329,1.17368830996513,-1.40830649235468,4.44089209850063e-16
"266","phase_016_subj_40",0.545,0.617,72.0833333333334,158.780141843972,104.1875,186.113475177305,9,9,1.68903567420674,1.66657190275493,1.35438388870439,2.21048923269096
"267","phase_016_subj_43",-0.155,0.723,28.0239361702128,319.043439716312,78.5771276595744,290.511524822695,8,9,-0.358177076299895,1.53879759852511,0.590026842053136,2.0677104768015
"268","phase_016_subj_44",0.635,0.554,-59.3581560283687,193.477393617021,-16.6498226950355,132.192934782609,-3,1,-0.35943972640217,1.9391343375552,-0.25467403592633,0.928952101507296
"269","phase_016_subj_45",0.775,0.463,97.0615942028986,191.463768115942,43.1471631205674,270.904761904762,9,9,0.950296899988502,1.92145670988209,0.458915912659537,2.1749757261031
"270","phase_016_subj_48",-0.537,-0.585,24.4320074005551,102.854166666667,66.616847826087,50.2708333333334,8,10,0.222213028466049,1.1566765916525,0.92573509705388,0.448405336970093
"271","phase_016_subj_49",1.258,0.503,72.0682624113475,68.3958333333334,76.0895390070922,100.490691489362,6,10,1.15963769040341,-0.0475580226358026,0.545857262400826,1.16087115735874
"272","phase_016_subj_5",0.52,0.411,7.88386524822704,-57.8492907801419,29.758865248227,0.588209219858072,7,10,-0.304836765169471,-0.43668640226258,0.137029647043833,0.440278768853596
"273","phase_016_subj_50",-0.202,0.158,-116.813405797101,134.895833333333,14.6956521739131,157.585106382979,9,9,-0.278974774005626,1.19830883892016,1.52136534766398,0.593380023426112
"274","phase_016_subj_51",0.367,0.448,167.666666666667,61.2083333333333,91.5416666666667,42.2083333333333,5,8,1.4588990546199,0.932928724109022,2.21484746089521,1.2029487699506
"275","phase_016_subj_52",0.225,0.218,-102.056737588652,72.9503546099291,-96.4317375886525,36.0416666666667,8,9,-0.552251127527579,-0.0950707449999351,-0.522843079277342,0.310278787714084
"276","phase_016_subj_53",0.224,-0.068,-81.1485507246377,58.0749113475177,-121.023550724638,31.1165780141845,-5,5,-1.38156393513609,0.98507034746166,-1.4591364585842,0.421237314849202
"277","phase_016_subj_54",0.918,-0.146,91.8333333333333,124.893617021277,-19.7291666666667,126.36170212766,2,5,1.2209290270624,2.0837289654646,0.309577441669844,1.88860430301327
"278","phase_016_subj_55",0.229,0.457,98.4719202898551,116.485815602837,70.9510869565217,88.1666666666666,8,9,1.69551987592369,2.39107563405423,1.2155841713536,1.64623238049846
"279","phase_016_subj_56",0.628,1.112,-108.337765957447,6.643115942029,-22.9787234042553,22.1875,-1,6,-0.72634604347148,-0.0618509309433843,-0.866750235729488,0.53545371976434
"280","phase_016_subj_58",0.429,0.871,89.4653098982424,149.551861702128,19.9121184088806,118.979166666667,6,6,0.820897118562183,1.50630437151232,1.01018189605043,1.38027931016574
"281","phase_016_subj_59",-0.258,0.319,-27.2330754352031,177.198581560284,-128.394060283688,126.710144927536,8,10,-0.32768197523255,1.82837686683335,-2.13551197381594,1.55824854960231
"282","phase_016_subj_6",0.357,0.452,11.9791666666666,-0.333333333333258,-1.4375,30.6666666666667,7,10,0.598500375273243,0.812825915887263,-0.732441432998145,1.19647055048978
"283","phase_016_subj_60",0.168,0.645,12.4791666666666,104.895833333333,37.625,51.270390070922,10,9,1.13950865609606,0.953150927641642,1.23515502034699,0.855242030737284
"284","phase_016_subj_66",0.322,0.794,75.4221014492754,140.262854609929,-3.35416666666674,60.8125,6,8,1.42096739480497,2.29156038033024,0.324839026234561,0.988082278649666
"285","phase_016_subj_68",0.666,0.581,128.191489361702,100.916666666667,126.945035460993,120.541666666667,9,10,1.28582528897512,0.933493292363268,0.753261958106585,1.25055049419833
"286","phase_016_subj_69",0.398,0.534,66.0208333333334,98.2699275362319,21.4791666666667,30.8958333333333,7,7,-0.0617723274882345,1.55952018114873,0.155622800189384,0.582774940565006
"287","phase_016_subj_71",0.406,0.949,36.2708333333333,192.865942028986,55.0669326241134,105.104166666667,7,10,-0.338277125264924,1.59113344742091,0.0583190636150643,0.665313658898556
"288","phase_016_subj_73",-0.068,0.808,-27.3541666666666,45.2291666666667,-29.4791666666666,-14.6666666666666,10,10,-0.223540824584653,-0.893238655053573,-1.27829657692454,-0.63035795707248
"289","phase_016_subj_74",0.146,0.283,97.2916666666666,65.4583333333334,66.9791666666666,49.0833333333334,9,10,0.982361679931335,1.37775162445733,1.56849506820526,0.773068872958148
"290","phase_016_subj_79",0.533,0.604,74.9375,-30.9829545454545,-15.9375,-59.4829545454545,7,9,1.23340337583606,0.502120123794377,-0.380471666044006,-1.1289694098846
"291","phase_016_subj_8",-0.055,0.209,13.0698427382054,-25.5625,35.9701086956521,39.3260869565217,10,9,-0.580649645132809,-1.47294173744531,-0.559956856750977,-0.243865089135136
"292","phase_016_subj_81",0.529,0.704,17.0239361702128,70.75,-133.496897163121,66.8541666666667,2,7,0.0826261435418921,0.161548328824314,-1.61042990018929,0.512943501276068
"293","phase_016_subj_82",0.765,0.746,61.5625,100.125,7.58333333333337,35.8333333333333,7,10,1.16244373461483,1.06355397082824,0.45629615283105,0.927997211156782
"294","phase_016_subj_84",0.943,0.905,172.916666666667,93.0416666666666,146.6875,192.290277777778,9,10,1.41379878653772,1.54441312185795,1.18982815966802,1.47032873212008
"295","phase_016_subj_85",0.55,0.589,183.110815602837,97.5301418439717,186.096014492754,69.9676418439717,6,4,2.2607992812583,0.924226532064948,1.63607027423088,0.911661926599427
"296","phase_016_subj_86",0.86,1.187,88.678634751773,64.5833333333333,50.5416666666666,96.1054964539006,8,10,1.71517753593897,0.464535135529399,0.969415473051686,0.722146848472737
"297","phase_016_subj_9",0.259,-0.015,60.5,107.6875,18.7708333333334,145.3125,6,8,0.236821819079892,0.975777893519649,-0.328874221575491,1.52127369230024
"298","phase_017_subj_1",0.167,-0.302,-39.1322463768116,8.05496453900707,48.3677536231884,18.75,8,10,-0.89603341606413,0.112185626254277,-0.0361442217926569,-0.116638223624693
"299","phase_017_subj_10",0.255,0.332,-6.26268115942037,31.1666666666666,65.9935245143386,-18.3197463768116,7,7,0.386769121601297,-0.388035387394673,1.00182594529915,0.0995957566133687
"300","phase_017_subj_100",0.293,0.417,86.8958333333334,64,74.3333333333334,33.375,8,9,0.494264130077886,0.179204178204814,-0.762254756409481,1.43841780696869
"301","phase_017_subj_101",0.524,0.587,-28.5625,15.7765957446809,6.41666666666663,19.6458333333334,0,6,-2.10016415498013,-0.709941311917652,-0.553908211126832,-0.601789407251988
"302","phase_017_subj_102",0.382,0.448,35.6666666666666,-34.1875,19.6666666666666,14.9583333333334,7,7,-0.565696040655383,-1.0629776547044,-0.360850171584391,-0.312026571143048
"303","phase_017_subj_103",0.176,0.154,0.416666666666742,119.833333333333,16.9791666666667,103.166666666667,8,10,0.485271530889121,1.21278049556609,0.456419259723419,1.35481354675049
"304","phase_017_subj_104",0.108,-0.105,-39.853280141844,35.530585106383,-93.7083333333334,44.5744680851064,1,7,-0.191627220230462,-0.471168685957567,-1.62210264607288,1.44951109303515
"305","phase_017_subj_106",-0.16,0.105,77.9583333333334,26.4583333333334,42.7916666666666,-26.5585106382979,1,9,0.899391930571999,0.668365901414589,0.483819369573061,-0.318653811609401
"306","phase_017_subj_108",0.774,0.365,110.645833333333,-101.642287234043,89.8789893617021,-14.5625,6,9,0.71962208108055,-0.804685648125532,0.523942691580986,0.137394450843658
"307","phase_017_subj_111",1.039,0.894,92.9791666666667,72.7083333333334,96.5625,44.4583333333334,2,5,1.03276948741869,0.543731849441145,1.17867002281787,0.621453491236205
"308","phase_017_subj_113",0.537,0.273,47.5416666666666,60.3541666666666,14.9791666666666,27.3333333333334,8,9,1.04242245509302,1.49400885799021,1.06941256559969,1.36804139049222
"309","phase_017_subj_114",0.619,0.728,150.1875,-5.71527777777783,101.5625,-112.128989361702,3,8,-0.151875877915799,0.82904799597538,0.416726870585461,-0.41570537802034
"310","phase_017_subj_115",0.175,0.461,-126.708333333333,173.583333333333,14.5416666666667,110.3125,3,7,-1.5693972943959,2.58386991339337,0.31422724794949,1.90349287182104
"311","phase_017_subj_117",0.282,0.251,102,123.227272727273,151.5,40.4946808510638,6,9,3.0092378873014,0.261841263315822,2.98453379341351,0.286720520379324
"312","phase_017_subj_120",0.268,0.122,11.2826086956521,76.4753384912959,-30.2826086956522,-34.6382978723404,2,5,0.359098579535863,0.949994452749138,-0.678061479490452,-0.329252964663914
"313","phase_017_subj_122",0.551,0.249,260.392287234043,179.583333333333,207.25,114.208333333333,8,10,1.97790973438236,1.11254510787601,2.06172849409724,0.865161286419644
"314","phase_017_subj_123",0.623,0.071,-6.0625,79.9791666666667,30.2083333333333,26.2083333333334,8,9,0.70708418314989,0.802021999038058,0.318112194389106,0.725730486815485
"315","phase_017_subj_124",0.838,0.696,172.26329787234,86.4583333333334,94.2916666666666,113.75,8,9,2.0391558051954,0.340961596692212,1.16244373461483,1.27999453379654
"316","phase_017_subj_125",0.334,0.239,17.8940602836878,29.8,15.1875,-64.0208333333334,-2,10,-0.242927445334483,0.270376339777866,0.0894080923282978,-0.702143486691136
"317","phase_017_subj_127",0.444,-0.208,-0.460047281323909,56.7111111111111,-27.7322695035461,-23.5208333333334,-1,8,-0.0883204710602465,0.219207380544925,-0.466070975360308,0.211890396224691
"318","phase_017_subj_128",0.186,0.035,-16.5416666666667,1.72916666666663,-39.4791666666667,15.5625,8,9,0.167325892751177,-1.81707260721487,-0.339060365476098,-0.566698978250844
"319","phase_017_subj_13",0.746,0.162,6.87234042553189,32.5560283687944,8.67092198581554,40.2750000000001,8,10,-0.42936753427292,-0.741891233333606,0.786792388908021,0.7629471651119
"320","phase_017_subj_130",0.442,0.567,-150.083333333333,103.241905642923,-1.125,85.846837944664,-2,-5,-1.32776360597861,0.946965632723342,0.36774735069166,2.10357692038252
"321","phase_017_subj_132",0.645,0.806,144.203804347826,192.936170212766,106.291666666667,137.191489361702,10,9,2.48366886438639,1.52186948678878,1.86875806670201,1.14131316107767
"322","phase_017_subj_133",0.769,0.364,-28.5833333333334,82.8333333333334,45.435688405797,59.7916666666667,10,10,-0.47489939699477,1.64821682350068,0.773378009258718,0.658710139443822
"323","phase_017_subj_134",1.234,1.034,109.146739130435,118.0625,35.4791666666666,87.3541666666667,10,10,1.37798860238598,0.787594987538789,1.43071079850562,0.348670269021606
"324","phase_017_subj_135",0.269,0.523,43.4166666666667,-57.8510638297872,-20.7451241134752,42.8652482269504,9,9,-0.428012482360566,-1.52565951243664,-0.732780086110221,-0.132110859888345
"325","phase_017_subj_136",-0.23,0.753,56.9583333333334,102.8125,107.0625,71.3958333333334,7,10,1.0510280004609,-0.513437780982754,0.776870793904872,-0.0107241936339144
"326","phase_017_subj_14",0.122,0.32,38.125,74.7708333333334,40.5416666666666,12.2389184397164,7,9,0.564451798560963,1.85007656243016,0.714074462965901,1.1375913672718
"327","phase_017_subj_141",-0.476,-0.155,-20.9583333333334,54.1343085106383,26.123188405797,100.717641843972,8,8,0.478221374862339,1.02655475627951,0.509682490456903,1.94770834475976
"328","phase_017_subj_142",0.246,0.066,95.625,77.4255319148937,76.5,24.3918439716313,9,10,1.43660094117086,1.25557623536612,1.53247786977682,0.668426957584711
"329","phase_017_subj_144",0.037,0.845,11.8333333333333,159.484485815603,66.5208333333333,47.4791666666666,8,10,-0.12063720559054,1.31090293109715,0.689333885667451,0
"330","phase_017_subj_145",-0.164,0.602,37.0851063829788,56.5416666666666,53.8913043478261,23.2291666666666,2,7,0.578240420657458,1.57418149054488,0.679851153408118,-0.00986786372118509
"331","phase_017_subj_149",0.673,0.511,35.4764492753623,158.416666666667,7.54166666666663,63.633865248227,10,8,-0.39064745491647,0.438916014775029,-0.0896469860857803,0.170637115583869
"332","phase_017_subj_152",0.783,-0.466,38.4166666666666,-5.54166666666663,16.2291666666666,28,5,7,1.2546273638281,0.843441451277095,0.183871386363871,0.546601564542716
"333","phase_017_subj_153",1.136,0.912,142.80615942029,37.4287696577244,161.947222222222,42.0543735224587,6,10,1.91362865959925,0.0693881997291448,2.0496998415107,0.753053135397489
"334","phase_017_subj_154",0.57,0.263,49.8352657004831,65.1742021276596,84.0266798418972,86.876329787234,4,9,0.325545686788939,1.03621695844651,1.51232482576481,0.871057913229309
"335","phase_017_subj_156",-0.146,0.495,69.7916666666666,178.362588652482,25.2916666666666,86.5966312056738,3,9,0.473502835059149,0.88699802286013,0.0302179590185228,0.238127163084959
"336","phase_017_subj_157",-0.067,0.176,-265.200668896321,199.221276595745,-94.4150268336315,140.347363552266,8,10,-2.36960272899043,2.16988580284307,-0.576999938543682,1.72848393269458
"337","phase_017_subj_158",0.7,0.742,-156.320921985816,72.0124113475177,-47.9875886524823,78.4791666666666,7,7,-1.64014841058363,2.42998586927223,-0.935698712259514,2.41716084436878
"338","phase_017_subj_159",0.043,-0.246,-12.7291666666666,24.6875,-5.45833333333337,106.520833333333,6,6,0.868715237209077,0.485668651495308,0.920176263452462,2.34598611613739
"339","phase_017_subj_16",0.349,0.386,112.913120567376,129,8.47463768115949,35.1666666666666,9,10,-0.212166804962426,1.26189861490596,-0.301777539250108,0.768320177370425
"340","phase_017_subj_160",0.463,0.471,50.4791666666666,-41.4583333333333,109.020833333333,48.625,8,10,1.05282977719432,-0.619970363965147,0.945017596507235,0.531315676413274
"341","phase_017_subj_161",-0.16,-0.407,-13.8156028368794,-24.5120772946859,29.1843971631206,-38.0416281221092,-3,6,-0.625870717886806,-0.241208590720926,-0.343045702704093,-0.598914584788106
"342","phase_017_subj_163",1.109,0.681,-5.20833333333337,90.0208333333334,-10.4166666666667,-11.0833333333333,6,9,-0.909362911495581,0.512721234909516,-1.09648485169287,0.124832566037541
"343","phase_017_subj_167",0.561,1.067,2.73936170212767,25.7575354609929,82.447695035461,105.757535460993,-5,-10,0.17780812432733,1.27262117121965,0.95614772455595,1.00738638156412
"344","phase_017_subj_168",0.648,0.869,126.5625,10.4791666666666,72.4375,79.5651595744681,10,10,2.50029736114508,0.129011390342664,0.998561155430604,1.0767709530469
"345","phase_017_subj_19",0.554,0.707,196.895833333333,73.2291666666666,129.191932624113,-61.2765957446809,4,7,2.00459273751336,-1.0738182922496,1.52162219624273,-0.949128199608292
"346","phase_017_subj_2",1.017,0.713,247.003102836879,-75.4583333333334,182,71.5230496453901,5,10,2.30914455101139,-0.989675609004328,2.65695271625469,-0.0203269603819001
"347","phase_017_subj_21",0.62,0.469,136.276595744681,65.972463768116,118.628841607565,39.2391304347826,10,10,1.28478698765581,0.368646888854102,2.08575768758982,0.441279108246108
"348","phase_017_subj_22",1.567,1.293,45.4166666666667,130.534420289855,102.708333333333,30.4849290780143,9,10,0.727974887747551,1.05067546702465,1.66513534016386,1.31796644461979
"349","phase_017_subj_23",0.006,0.044,102.8125,73.3333333333334,33.0416666666667,56.2083333333334,6,9,0.843593936848633,0.566501917231724,0.257611712943339,0.94697358327573
"350","phase_017_subj_24",0.586,0.4,24.2340425531914,18.4094202898551,30.2937095282147,120.284420289855,7,10,-0.432396299012704,-1.26462969064624,-0.582448627972887,-0.141546394624882
"351","phase_017_subj_27",0.508,0.267,86.0625,81.4583333333333,7.95833333333337,71.375,6,10,0.870778371141461,1.013056211109,-0.0994174923537141,0.652912287789591
"352","phase_017_subj_29",0.564,0.788,90.3727836879432,11.2340425531914,115.734485815603,56.9734042553191,4,8,0.691895867178324,0.183948803932495,0.89930977622883,0.192071950116036
"353","phase_017_subj_3",0.904,0.907,62.6950354609929,12.2943262411347,131.936170212766,73.3368794326241,-6,7,0.266205812888393,0.580795748458919,0.779643593871149,0.56862993202276
"354","phase_017_subj_30",-0.102,0.316,189.305407801418,20.4791666666667,294.326684397163,-40.0416666666666,10,10,1.68175446305036,0.260603519702337,1.35766654236379,-1.70077859863499
"355","phase_017_subj_31",0.233,0.764,63.6754082137555,39.7234042553191,19.063829787234,88.7881591119334,1,8,-0.326760036902565,1.00073426522296,-0.261884273528071,1.37161775252152
"356","phase_017_subj_32",0.715,1.177,23.5208333333334,49.4720744680851,69.6666666666667,56.5416666666666,10,10,0.704159508172717,0.765248769867049,1.3476471195056,1.33309824559935
"357","phase_017_subj_33",0.178,0.416,96.3958333333334,6.97251773049641,72.9583333333334,-13.75,9,10,1.4277357101609,1.75517718222224,0.827659991060561,0.372728877438498
"358","phase_017_subj_34",0.349,0.349,47.2291666666667,103.320652173913,31.5,10.8696808510638,8,10,0.224011169315232,0.616829888224725,-0.30483676516947,-0.0325900429309049
"359","phase_017_subj_36",-0.361,0.294,-17.3541666666667,90.531914893617,3.342803030303,80.8297872340426,9,9,-0.217154649306979,1.06644784666425,0.677268799162691,0.379925222704874
"360","phase_017_subj_38",0.195,0.296,25.4545454545455,-6.8478260869565,-37.0348162475822,-14.6802536231884,3,6,-0.0147913627065841,-0.889969107614955,0.477027218387348,0.519907016606345
"361","phase_017_subj_4",0.092,0.064,-8.75809435707686,71.0022163120568,-1.23460144927537,66.4772286821706,5,10,-0.884305667830581,0.576175635813499,-0.205578459698244,-0.193468656524297
"362","phase_017_subj_40",-0.063,-0.141,-32.9791666666667,0.279698581560297,-19.3732269503546,-85.8085106382978,-3,8,-0.25513900876837,-0.773243102478994,0.152057541068152,-0.772595392667958
"363","phase_017_subj_41",1.029,0.47,17.3125,-17.8705673758866,50.75,10.4627659574468,9,8,1.67407572398438,-1.01155535325374,1.94628141204236,-0.54155569282656
"364","phase_017_subj_43",0.536,0.443,96.0611111111111,2.63829787234033,64.4174940898346,48.0567375886525,6,6,0.904459790550324,0.865420746386606,0.651915794624598,1.29599227614337
"365","phase_017_subj_46",-0.214,0.139,22.7291666666666,16.4042553191489,-56.0625,37.625,3,8,-0.0508944414332673,0.488188182592478,-0.427967989351552,0.118166445523841
"366","phase_017_subj_47",0.992,0.789,0.183953900709184,-18.9166666666666,-3.85416666666674,3.11657801418448,0,9,-0.140682882972195,-0.324716006608774,-0.656243773265201,-0.52342818667094
"367","phase_017_subj_49",0.639,0.334,162.375,-35.375,114.125,36.0471014492754,10,9,1.52989096332865,-0.613885541014067,1.5498076675392,0.593424154709434
"368","phase_017_subj_5",0.239,0.422,114.625,176.999556737589,63.4791666666667,129.8125,9,8,1.35653442772983,1.23211882568765,0.896094654870889,2.28215107324075
"369","phase_017_subj_51",-0.085,0.558,-65.5997340425532,-40.5953014184397,-97.2083333333334,-102.0625,8,10,-0.625735929578655,0.945946613290982,-1.3771797834618,-0.359507427696593
"370","phase_017_subj_53",0.791,0.315,71.1319444444445,152.152482269504,63.4430555555556,86.4503546099291,8,10,1.44141355841818,1.93607415996956,1.63525512337067,1.65388649674761
"371","phase_017_subj_54",0.254,0.759,-25.6595744680851,30.6405141843971,19.8723404255319,29.0988475177304,7,10,-0.520404729867444,0.302756001871281,0.136143942263629,0.165069222712399
"372","phase_017_subj_56",0.285,0.478,77.8909574468086,230.877717391304,46.0208333333334,208.729166666667,10,10,0.472621841578025,3.23182191447951,0.784771965519941,2.72504539361262
"373","phase_017_subj_58",-0.066,0.56,52.3498817966903,6.10416666666663,42.8359929078015,-46.4375,1,10,0.492546853593524,0.412639094654618,-1.0325232245654,-0.055800618875089
"374","phase_017_subj_6",-0.219,-1.121,30.9933510638298,-8.625,-13.7527173913044,-21.4166666666667,0,9,0.074298041657165,-0.319138578500404,-0.049430443373645,-0.317704831593249
"375","phase_017_subj_60",0.799,0.638,24.5208333333333,56.1165780141845,91.6875,-16.3209219858155,6,9,-0.170102789370856,0.494002637282404,0.86241631896357,1.18018963263021
"376","phase_017_subj_61",0.522,0.482,58.8333333333334,-17.8373226950355,-80.3333333333333,36.404255319149,-1,9,0.124832566037541,-0.798789780742091,-1.29992422334042,0.313964031988358
"377","phase_017_subj_62",0.263,0.127,46.4481382978723,79.1458333333334,40.2083333333334,125.036790780142,8,9,2.22123838082011,0.0170449358535336,1.55799427189845,0.621909170137136
"378","phase_017_subj_63",0.3,-0.124,15.6728723404256,23.8958333333334,-68.2229609929078,-13.6409574468086,9,10,-0.666831215795004,-0.291745664616577,-1.29940461051841,-0.553872100147434
"379","phase_017_subj_67",0.722,0.998,-29.5372340425532,43.4370567375887,-46.5978260869565,65.5647163120568,4,7,0.660038287259618,1.52557772104866,-0.02315980275666,2.04575156870932
"380","phase_017_subj_68",0.294,0.433,162.833333333333,157.480555555556,106.229166666667,71.7774822695036,7,8,0.6648467692517,1.90703900136902,0.805469589220123,0.571046993049123
"381","phase_017_subj_69",0.11,0.645,137.685726950355,-0.520833333333371,44.9166666666667,6.85416666666663,6,9,1.15195830660251,-0.808953628520985,-0.305169735579142,-0.861516320562122
"382","phase_017_subj_7",0.111,0.443,9.02083333333337,127.479166666667,34.2916666666666,102.291666666667,9,10,0.0310125290231111,0.851383856370448,0.959009740179893,0.653840004600749
"383","phase_017_subj_70",0.517,0.433,97.8922101449275,72.8958333333333,79.1458333333333,93.1068262411347,6,10,1.77060449830643,0.908215709610245,0.976627058587398,0.535168739267621
"384","phase_017_subj_71",0.436,0.287,82.7907608695652,22.2708333333333,65.4166666666666,25.0208333333333,8,6,1.64096402125779,-1.21548118038817,0.821150278042314,-1.04100282338482
"385","phase_017_subj_75",0.196,0.159,-17.9302536231884,69.1914893617021,58.9064716312057,45.468085106383,8,10,-0.02894038970694,-0.0238665727244243,1.67201267936821,-0.528638697148223
"386","phase_017_subj_77",-0.184,0.634,59.0425724637681,84.2916666666666,120.500905797101,165.01640070922,6,10,-0.0936463213980012,1.37217702138052,0.664704189218101,1.59686676236067
"387","phase_017_subj_78",0.114,0.755,48.125,40.1875,47.2012411347517,-4.91666666666663,5,9,-1.05282977719432,0.240858088334517,-0.0757771665986402,1.1931249161397
"388","phase_017_subj_79",0.645,0.71,108.165780141844,-67.2038043478261,76.4636524822696,33.9597594819611,7,10,2.25384828544383,-1.16412101187355,0.65184811888462,0.334814073707879
"389","phase_017_subj_8",0.782,0.78,106.19696969697,104.660326086957,94.0354609929078,100.3125,8,8,0.859243350405055,1.41058709962831,1.45656850663861,1.57949903081228
"390","phase_017_subj_82",-0.168,0.561,17.0958333333334,11.9263888888889,-62.7291666666666,-25.3710106382979,2,6,-0.251274016296135,0.467087453875661,-0.734616476152613,-0.0425479943587324
"391","phase_017_subj_84",0.832,1.346,94.4791666666666,56.9583333333334,52.6458333333334,82.6875,7,9,0.364869744520877,0.565938062694328,0.77770837003448,0.227389019564052
"392","phase_017_subj_86",0.21,-0.54,27.6932624113475,80.8266843971631,23.7765957446809,79.2916666666667,6,10,0.0839885903370887,0.398607219689755,-0.482622431365706,0.658176934908402
"393","phase_017_subj_87",0.558,1.02,-62.3351063829788,41.8825161887141,-58.6476063829788,111.371877890842,8,8,0.274643793731578,0.629212731403019,0.00144162280224513,0.709348495996053
"394","phase_017_subj_89",0.345,0.468,46.7242907801419,32.3958333333334,18.1666666666667,29.7916666666667,8,10,1.04231583097826,0.982268922881855,1.00889871690291,0.693643464698044
"395","phase_017_subj_90",0.128,0.539,-29.4791666666666,113.25,-39.7291666666666,33.9352836879432,8,10,-0.714284725023252,0.624629252311055,-0.070837864179186,0.393639027697722
"396","phase_017_subj_91",0.093,-0.044,27.1666666666666,78.5208333333333,-101.989361702128,-10.7083333333334,6,10,0.230780995972333,1.46478693189098,-0.182950166847053,0
"397","phase_017_subj_93",0.423,0.237,-38.2916666666666,116.854166666667,4.33333333333337,44.0833333333334,9,8,-0.305169735579142,2.61511321915784,0.773897175057507,1.46552934568526
"398","phase_017_subj_94",0.159,0.616,116.354166666667,161.084219858156,46.5913120567376,140.629509713228,8,9,1.02905036709197,1.231678270738,0.904039672074785,1.01369452116653
"399","phase_017_subj_95",0.346,0.203,94.6666666666666,42.8962765957447,97.2566489361702,65.5837765957447,10,10,1.12521945281218,0.638494581956738,2.70239680465984,1.6175300206874
"400","phase_017_subj_97",-0.435,-0.446,2.78723404255322,30.1666666666666,-11.7291666666666,51.0833333333333,8,10,0.796492931997332,0.106505150639405,-0.11327111665164,-0.355839854185639
"401","phase_017_subj_99",0.846,1.243,95.7973484848485,218.791666666667,127.9375,163.636111111111,7,10,0.506628069360853,1.90698529194373,0.78643593575358,1.86157859018313
"402","phase_018_subj_101",0.247,0.384,-29.8333333333334,131.5625,-29.6875,46.8776595744681,9,10,-2.2191001382822,0.0978652199838193,-1.40134895163303,-0.240937185316604
"403","phase_018_subj_103",1.293,1.027,87.3847517730496,-15.6458333333334,100.604166666667,18.375,8,9,2.35079565652425,0.385250278573237,0.8159092758257,1.14749203024343
"404","phase_018_subj_104",-0.58,0.023,68.625,89.2664007092199,53.4339539007092,106.375,8,10,1.05341675193273,0.674415047732514,0.657486440321691,1.26341712050697
"405","phase_018_subj_11",0.769,0.822,15.0625,13.8958333333334,24.3260869565217,-26.1875,9,9,0.597070176815092,0.251871128058264,0.714619077953378,0.463634971337963
"406","phase_018_subj_13",0.43,0.792,70.0833333333333,59.2220744680851,79.8541666666666,64.0291396854764,8,10,1.05317012896607,0.406933488106366,0.670642666949358,1.42192618905438
"407","phase_018_subj_15",0.006,0.701,56.3759057971014,23.5208333333334,-11.2841312056738,43.8958333333334,9,9,0.721328150012519,-0.543105088519768,-0.359442284761958,-0.852682530189612
"408","phase_018_subj_16",0.643,0.377,83.75,23.1041666666666,72.2708333333333,51.1041666666666,8,9,1.45445018200848,0.764242830020545,1.24179337318568,1.13089873196523
"409","phase_018_subj_17",0.376,0.467,187.26902173913,-56.375,36.4614361702128,-34.8125,9,8,2.78714118748973,-0.168262494117289,0.974891100568399,-0.16629314274792
"410","phase_018_subj_21",0.659,0.857,111.354166666667,69.3333333333334,71.625,52.4791666666666,9,9,1.20631946178025,0.989637918578407,1.64683842656259,0.721675090321947
"411","phase_018_subj_26",0.652,0.484,-16.6458333333334,40.6595744680851,18.9583333333333,63.2839962997225,9,10,-0.371685458529651,0.447058744724656,-0.13904071180502,0.299937951152146
"412","phase_018_subj_28",0.411,0.774,31.0704787234042,-3.52083333333326,35.5,-8.51640070921985,9,8,0.242512610445815,-1.02827744348386,0.322376417807241,0.0120837334079751
"413","phase_018_subj_3",0.455,0.45,77.2553191489361,71.6875,40.9423758865248,95.7291666666667,9,9,0.848071964987958,1.26009039810231,0.772522779106596,1.42163872692662
"414","phase_018_subj_33",0.132,0.786,96.9654150197629,113.322458628842,73.5768858800774,96.5155141843971,8,7,0.137262650290976,0.00992583804719471,0.278897221368871,0.682581233676824
"415","phase_018_subj_34",-0.076,-0.057,-27.8333333333333,4.53812056737593,-66.8501773049645,49.9339539007092,4,8,-0.925402629111439,0.147435624299049,-0.858806015541697,-0.159581442185834
"416","phase_018_subj_36",-0.668,-0.299,-17.1387604070305,26.8670212765958,-60.1884057971014,-6.87135081642748,0,9,-0.62048017226654,0.477470287494822,-1.03191582548917,0.783321517562748
"417","phase_018_subj_38",0.113,0.058,97.0625,46.8958333333334,110.541666666667,72.9375,10,9,0.608651935610603,1.05282977719432,0.695702821278954,1.43608619737824
"418","phase_018_subj_4",0.487,0.481,86.3541666666666,104.383421985816,90.0833333333333,30.6174645390071,6,8,0.941026348891579,2.37804115799482,1.09266930876172,0.817856785881033
"419","phase_018_subj_41",0.599,-0.251,61.0625,10.8914007092199,80.3125,-67.125,9,10,0.927997211156779,0.810617450333256,1.28127916347195,0.596916937269367
"420","phase_018_subj_42",0.662,-0.24,132.145833333333,45.4791666666667,60.2916666666666,67.5208333333334,8,9,0.965778891525972,0.485668651495308,-0.380207311473184,0.694939875470438
"421","phase_018_subj_43",0.366,0.063,33.1041666666667,1.72916666666663,20.9166666666667,93.0208333333334,10,6,0.627546153386383,0.160798294816297,-0.425283623807938,1.13168632044983
"422","phase_018_subj_44",0.082,0.738,263.68038852914,202.916666666667,185.493794326241,143.8125,10,8,0.744923769894118,1.11189027300371,1.12197097744274,1.34356977215572
"423","phase_018_subj_46",0.712,0.372,86.4555966697502,42.9764492753623,65.584219858156,55.393115942029,7,9,1.97873039612851,1.23468813612911,0.608193028232914,0.271325675446575
"424","phase_018_subj_47",0.83,0.926,55.5176767676767,0.896276595744666,70.340909090909,-12.7613320999075,7,8,-0.677233026405286,-0.429155442497082,-0.3706185364256,-0.411280169793888
"425","phase_018_subj_48",0.533,0.344,125.354166666667,48.4827127659574,85.9166666666666,13.6529255319149,7,10,1.41808283462129,-0.326968352258374,0.319982834093655,-0.7612258626165
"426","phase_018_subj_5",0.784,0.48,3.52703900709218,-28.6666666666667,55.875,-5.64583333333337,8,10,-0.0920236461600015,-0.566698978250844,0.0484546051401007,0.462499154048304
"427","phase_018_subj_50",0.33,0.509,127.583333333333,113.235815602837,-25.8195921985815,38.4375,8,8,0.545278192926043,1.00032442803468,-0.177472469942292,-0.831235262679427
"428","phase_018_subj_51",1.05,-0.49,20.1875,30.0456560283687,4.86125886524826,49.0039893617021,9,9,-0.810722403795825,0.97088802563353,-0.433777943127024,1.67939240253809
"429","phase_018_subj_53",0.476,0.372,-22.7101449275362,36.731884057971,-33.4809782608696,8.02083333333326,1,6,0.229605814942099,0.922055070807501,-0.020701313155989,0.329308407692305
"430","phase_018_subj_54",0.694,0.76,146.125,61.0208333333334,188.748670212766,123.541666666667,1,1,2.05412919018042,0.284163423075051,1.21471845779039,1.03958725950823
"431","phase_018_subj_55",0.301,0.349,118.5,7.97916666666663,53.2916666666666,-10.9583333333334,7,10,2.06954986235823,0.268099489254841,1.76246905555932,0.639114491299064
"432","phase_018_subj_56",0.424,1.104,102.104166666667,243.625,-11.3346631205674,195.729166666667,3,9,1.05717464592616,2.67279053945299,0.418694803793194,2.08082957768155
"433","phase_018_subj_57",0.609,0.621,147.333333333333,64.7916666666667,88.3541666666667,121.666666666667,9,10,1.04644102841695,0.834919905724087,0.263695518801815,1.24595590401066
"434","phase_018_subj_59",0.621,1.032,-25.0917553191489,156.75,-58.4042553191489,146.401595744681,4,9,-0.014357637380384,1.22327291833693,0.243762450900624,1.13160246441559
"435","phase_018_subj_6",0.415,0.525,60.4791666666666,-30.188829787234,48.4791666666666,-147.105496453901,4,8,1.47388210838554,0.680747087501815,1.21018658958373,-0.867306513349541
"436","phase_018_subj_60",-0.184,0.351,-23.2251773049645,66.5,-53.481884057971,44.7810283687943,2,7,-0.336110225599282,0.308723530625858,0.0325615241629678,0.630202720775956
"437","phase_018_subj_61",0.037,-0.039,241.104166666667,105.958333333333,247.0625,124.764492753623,3,6,1.45178074187217,1.27651247741618,1.51767241355352,0.786418589496541
"438","phase_018_subj_62",-0.205,0.492,-39.2835144927536,71.3741134751773,-46.1041666666666,7.58244680851067,-3,2,0.116191955052769,0.486575969959058,-0.598134157041671,-0.872389587846099
"439","phase_018_subj_65",0.129,0.296,52.7016843971631,0.6875,-89.6458333333333,65.5625,9,10,1.06878873177799,-0.341804249754528,0.0420893566150418,0.731983883477654
"440","phase_018_subj_69",0.752,0.647,177.219693221178,216.1125,110.82579787234,93.7835144927536,9,10,0.879451782344872,1.7021098862222,0.285264813186172,0.0994349022125482
"441","phase_018_subj_70",0.846,0.104,97.8125,32.9375,82.125,42.9060283687943,8,8,0.470268521766133,0.72814195795959,1.19132377219713,0.611714802620164
"442","phase_018_subj_71",0.406,0.297,63.5004432624113,-29.6049953746531,6.97960992907804,10.2527173913044,3,9,0.156020903399905,-0.320953725108447,-0.151182430831016,-0.472829603024246
"443","phase_018_subj_72",0.42,0.571,-15.1977756286267,-0.25,52.0851063829787,-2.46675531914889,7,8,0.274403186171069,-0.180571019153529,1.38574223067142,-0.0494655837803157
"444","phase_018_subj_73",0.012,-0.081,-24.7083333333333,15.8085106382979,29.9166666666667,-11.7220744680851,0,6,0.724625589579162,0.964530880385414,-0.157674643306748,0.204744701503863
"445","phase_018_subj_74",0.624,0.913,28.7916666666667,-2.41666666666663,-8.60416666666663,3.77083333333337,6,6,0.493370668288718,0.0241323153422646,0.276851948832543,-0.518831608503096
"446","phase_018_subj_75",0.19,1.01,60.75,-19.0833333333333,31.5540780141845,-44.5833333333333,8,9,-0.385213717873478,-0.628257582462378,-0.966901836888541,-1.14482509966396
"447","phase_018_subj_76",0.327,0.511,-43,-29.6789598108746,55.8014184397164,31.708413926499,7,8,0.667031724243382,-0.752343343359651,1.40356982577144,0.868623391631064
"448","phase_018_subj_77",0.048,0.449,109.354166666667,41.1458333333334,67.1458333333333,6.02083333333337,9,10,0.589194805856361,0.197543851769699,1.70666978179507,0.62282747557764
"449","phase_018_subj_78",0.079,0.12,100.645833333333,96.7536231884058,-3.89583333333337,61.0283687943262,7,10,-0.0740230240878663,0.893453654433441,-0.0878756629289841,0.5815961748289
"450","phase_018_subj_79",0.444,0.637,-9.01449275362313,0.404255319149001,-10.0833333333333,-50.0496453900709,-1,4,-0.599548341900758,0.470244658933024,-1.29859643535237,-0.17510310463963
"451","phase_018_subj_8",0.523,0.119,129.732712765957,-1.07845744680856,69.0518617021277,56.7083333333334,6,9,0.647243903512118,-0.114108372403627,0.101378220231452,-0.671046686828848
"452","phase_018_subj_80",0.005,0.203,-32.7626811594204,9.6875,-11.2881205673759,-6.83333333333326,-6,5,0.487553398880471,0.359032061018481,0.330909840676176,0.062808771448543
"453","phase_018_subj_81",0.672,0.017,207.468528368794,60.9822695035461,46.7708333333333,170.321705426357,9,10,0.944059044605701,0.376380090594123,0.415264200949746,0.736914123265958
"454","phase_018_subj_82",0.7,0.94,220.168439716312,163.5625,142.251773049645,173.712765957447,8,9,0.965647058447693,1.16299875300219,1.20112583013231,1.28997091587733
"455","phase_018_subj_86",0.296,-0.019,125.054078014184,137.369565217391,53.5208333333334,76.9737318840579,2,8,0.984075916442598,2.0039954935814,-0.13113732763939,1.34818294858316
"456","phase_018_subj_87",-0.374,0.449,-8.404255319149,-8.37056737588659,-79.603280141844,-12.322463768116,1,6,-0.26839405833939,-0.796036136845513,-0.572426253876353,0.225349775778957
"457","phase_018_subj_88",0.501,0.317,116.083333333333,50.375,138,-6.14583333333337,7,8,1.61764482436858,0.24225465027014,1.64996712807527,0.263202821357132
"458","phase_018_subj_89",1.009,-0.044,-80.8569444444445,94.9583333333333,-133.725295508274,96.1458333333333,8,9,-1.36005838763852,3.09535993362905,-1.3082084847735,2.82910621956355
"459","phase_018_subj_9",0.576,0.66,57.7566489361702,-30.6644503546099,-12.1582446808511,-8.50996376811599,8,9,-0.442766189465603,-0.570071554825006,-0.288959767710541,0.0760707421632825
"460","phase_018_subj_97",0.375,0.738,-9.9995567375887,111.982269503546,89.489804964539,100.354166666667,8,10,-0.388447734193229,1.44081172395648,0.79116462513207,1.83547029026289
"461","phase_018_subj_98",0.312,0.228,60.7708333333334,3.97872340425533,1.6875,24.5154738878143,-5,3,0.509637840235953,0.371801849076016,0.214070514685845,0.694962091512706
"462","phase_019_subj_10",-0.173,0.624,80.2083333333334,127.458333333333,118.416666666667,129.020833333333,8,10,0.67520387074113,-0.164582008472748,2.44106278625976,0.458886797563756
"463","phase_019_subj_12",0.864,0.756,75.2916666666667,-60,89.9166666666667,15.8125,9,8,0.246182436006679,-0.31790432720096,0.787360920160059,0.634362500604221
"464","phase_019_subj_13",-0.062,-0.155,81.9952718676124,108.461835748792,117.127659574468,94.8478260869566,6,10,0.143719100914416,0.787515360364792,0.782073400306968,0.331369358866101
"465","phase_019_subj_14",0.097,0.89,87.9166666666667,92.4583333333333,43.5833333333334,127.270833333333,8,10,0.776870793904872,1.45586451499048,-0.307157809190207,-0.579326942135171
"466","phase_019_subj_15",-0.019,0.507,81.3333333333333,-24.6875,1.16666666666663,-44,7,9,1.57328659922308,-0.516179127362777,1.62319040774166,0.0417839486320175
"467","phase_019_subj_16",0.8,0.888,82.6551418439717,24.8510638297872,9.1870567375887,-23.7641843971631,8,9,1.20365413571327,0.318038724593495,0.136998382473701,-1.16778259648089
"468","phase_019_subj_18",0.407,0.501,145.854166666667,99.375,136.375,148.371376811594,5,10,1.40512700856032,1.26965284892274,1.55139708267943,1.60775855783164
"469","phase_019_subj_19",0.366,-0.012,-9.73625886524826,80.5416666666666,59.4468085106383,71.6343085106383,6,6,0.311020786307054,-1.18650505244789,0.987062233177789,-0.37101500204422
"470","phase_019_subj_2",0.014,0.164,-12.9375,54.6458333333333,39.4791666666666,102.8125,0,4,-0.371015002044221,0.931568722771721,0.185713339081413,1.44461987159287
"471","phase_019_subj_20",0.191,0.719,95.3125,-11,-26.1041666666667,-16.0425531914893,-3,8,1.56321804101815,-1.3760268678372,0,-0.00996243994114421
"472","phase_019_subj_21",0.4,0.365,48.7291666666666,-77.6458333333334,43.4375,-0.125,5,10,-0.357477312762173,-1.36334907688246,0.846874632224146,-0.725073714359899
"473","phase_019_subj_22",0.087,0.491,63.75,55.3570767807585,110.652173913043,28.5698427382054,9,10,0.347940600191477,0.813260085888538,1.28252258234179,-0.294424061444356
"474","phase_019_subj_23",0.516,0.398,-68.8834219858155,-75.615036231884,-4.05008865248226,4.71829710144925,8,9,-1.44291516127207,-0.772500427635607,-0.727776816031375,-0.84335183780469
"475","phase_019_subj_25",0.233,0.493,56.8333333333334,163.333333333333,24.8958333333334,122.109601449275,8,10,0.491989393714927,1.95349203712675,-0.482425251959645,0.959459955067104
"476","phase_019_subj_26",0.992,1.088,37.4583333333334,160.399379432624,92,196.729166666667,6,10,0.305169735579143,1.1644130859842,0.335387694597665,1.76427083229274
"477","phase_019_subj_27",0.219,0.444,137.041666666667,126.479166666667,72.625,131.125,8,9,0.867700037298817,2.23351504710439,-0.0708514101690825,1.21808387633102
"478","phase_019_subj_30",1.046,0.965,85.5833333333334,-16.2553191489361,14.4667553191489,-67.9933510638298,10,9,0.182730753255186,0.388741424405759,-0.111714788690043,-0.652812476240309
"479","phase_019_subj_31",0.727,0.77,57.7854609929078,182.176630434783,29.0833333333334,114.458333333333,7,10,0.370326250848734,1.87808997932545,-0.385681207845701,1.32427299225007
"480","phase_019_subj_33",0.275,0.69,111.0625,79.7872340425532,61.6875,136.851063829787,10,10,1.44810657311627,1.28048066525426,-0.29870075068667,0.963668509438922
"481","phase_019_subj_34",0.331,1.05,6.35144927536226,-17.5141843971631,-15.3777173913044,74.4583333333333,7,10,-0.11549666217463,-0.814665903884702,-0.325158825191659,-0.467093984613892
"482","phase_019_subj_35",-0.525,-0.462,-3.38519503546104,158.041666666667,67.8439716312057,88.4375,10,9,-0.185723900044653,3.15288459939733,1.70871380324246,1.27774799071951
"483","phase_019_subj_39",0.206,0.92,94.2291666666666,23.1041666666666,97.5416666666666,29.6041666666666,-3,4,-0.062073141103947,-0.676279934212774,0.272469093139454,-0.466891930650176
"484","phase_019_subj_4",0.477,0.672,120.729166666667,57.9215425531914,80.3541666666666,75.2978723404254,7,8,0.546027823913659,0.75437496629936,0.899309776228831,0.288823643924942
"485","phase_019_subj_40",-0.353,0.357,-48.768115942029,-70.4375,-45.8125,-52.7291666666666,6,7,-0.122924138560393,-0.64697398533367,-0.138076500979287,-0.495847568081762
"486","phase_019_subj_41",0.466,0.736,12.3333333333334,128.254432624113,9.41666666666663,115.254432624113,9,8,-0.232644746724631,0.688063023077,0,0.900719831899794
"487","phase_019_subj_42",0.288,0.891,150.871897163121,-6.85416666666663,75.8333333333334,46.2406914893617,8,7,0.970841101844893,-0.400170255963653,-0.18279874694851,0.0262166393507512
"488","phase_019_subj_43",0.18,0.518,222.978723404255,43.0059523809524,175.894060283688,-117.566489361702,9,10,1.58653170950574,1.20109672946611,1.99162618211316,-1.19412959772761
"489","phase_019_subj_45",0.034,0.595,-71.4791666666667,29.9583333333333,9.20833333333326,71.5833333333333,7,9,-1.33313362921561,0.625744376652968,0.378839465897749,1.25651888648737
"490","phase_019_subj_46",0.917,1.124,50.695652173913,158.895833333333,-2.53351449275362,60.9166666666666,8,9,-0.0394451880313491,0.398003979833541,-0.268747622618367,0.417875765094258
"491","phase_019_subj_47",0.822,0.214,52.2708333333334,37.9392730496454,90.6675724637681,-6.84796099290782,5,10,1.2155750328778,0.949127495886387,0.911522861828341,0.425608542985901
"492","phase_019_subj_48",0.636,0.81,140.125,69.3333333333334,123.5,43.6666666666666,8,9,3.46794229241683,1.45374552493346,2.71032185975173,1.70069672807109
"493","phase_019_subj_49",0.3,0.997,205.0625,72.5075354609929,136.354166666667,85.3191489361702,-5,5,1.4457874226283,0.877719764557898,1.38646058663246,0.321748574279232
"494","phase_019_subj_53",1.023,1.109,32.4375,141.962862318841,-0.125,94.0882092198581,10,6,-0.764780315880479,0.615078450319875,-0.0389769583332078,1.14085508563433
"495","phase_019_subj_54",0.529,0.362,124.831117021277,54.875,10.5186170212766,93.0851449275362,10,9,1.06304357812799,0.708504376904556,1.46766387617657,1.22295068134569
"496","phase_019_subj_6",0.073,0.504,-50.5208333333333,67.4057971014493,78.5500000000001,69.9922480620155,9,6,-0.724545264831805,-0.460639947655216,-0.0907196829111692,-0.217663079759207
"497","phase_019_subj_8",0.159,0.731,106.645833333333,96.3191489361702,93.5625,52.0864361702128,9,10,1.04206168887307,1.24958583582706,1.61010407898846,1.2252871566258
"498","phase_019_subj_9",0.656,0.431,115.846631205674,155.645833333333,109.795289855072,180,1,7,1.11760240424404,1.3072328446241,1.82417732287859,1.62738757103638
