"","PA1","PA7","PA5","PA4","PA3","PA8","PA2","PA6"
"1",0.952862410602946,0.716719282485728,0.375958866896665,0.905997116677318,-2.3946747947135,0.51120165468639,-0.595692004647514,0.879207659176645
"2",0.604625666724363,1.53070934033063,0.256877990423968,0.863730814493924,-1.87796013184465,0.527295383055921,-0.445945878068781,-0.54874457144363
"3",0.265042629112415,-0.245870409974541,0.219466907695878,-0.246766844301877,-1.18790999357782,0.289925881176925,0.150762126675385,0.478387910095051
"4",0.204100494931153,1.91683880276415,0.606078038178035,0.911172626145676,0.927811237489781,0.0679558882329616,1.45688668947344,0.099671458512457
"5",0.234400805321649,1.89686207462424,0.619706976691352,0.965644280098683,0.898091024867736,0.0953776853240223,1.31056945402443,0.131752930347402
"6",-0.629025622654934,-0.624843576067807,0.706635129276246,1.29261464108927,0.349651248850558,-0.25843161991993,-0.796142972490561,-1.95051123849036
"7",0.057212072064138,-2.10488048157878,1.26028764792603,1.14557470336822,-0.236578588900322,-0.0923224581554756,0.961946414461125,1.41484204466787
"8",-1.76214413810222,-0.577811334267244,0.96831923415251,-0.818413057502381,1.66697037474162,-1.70414839510785,-0.710694417314403,-0.955801847400823
"9",-0.0922039913041934,0.24483989670117,0.80609864841189,0.161432781303002,-0.181140208231778,0.246214543070873,2.35242191558335,-0.516226430955012
"10",0.334405891442111,1.84136318820276,0.541614391079139,0.962886052508138,0.794932700182075,0.0812517018441313,1.27052138021387,0.115807813698427
"11",0.35664541277515,1.78939529414338,0.521779318533919,0.950631359025067,0.815804270725701,0.0588937550920168,1.18915516710328,0.428959326023702
"12",0.572489450157376,-2.93950351702227,0.149342312684179,1.20061973399366,0.464716755352919,1.09572890552997,-0.0694298727563234,1.90056401480985
"13",1.05799661357906,1.20215004936349,0.527398575735192,0.472220482342242,-1.91680869339608,0.221454427956109,-0.801081750755312,-0.839256011387302
"14",0.51991184012144,1.01872305073936,-0.05661414571943,0.50088263861645,-1.38481682077996,1.44530565114326,-0.610274558895721,-0.410952832202139
"15",-0.692929639972738,-0.406303557253973,0.0390523073442083,-0.959862609625688,-1.18054730497087,2.03225044213668,2.41678637599933,-0.183318031635434
"16",-0.717220654684301,-0.582620757651244,0.82965959286503,1.24584962025946,0.165177174853599,0.954928121044699,-0.933300962900101,-1.38995283906438
"17",-0.587860790633869,-0.880170951640972,0.705479558540839,1.71370025552661,0.877714648550816,0.928376771976671,-1.02615932622597,-1.87255906326982
"18",0.148686460342146,1.06009149997714,-0.682992850792149,0.68230098114674,-0.110538020332502,-0.472832633763053,-0.71728215792066,1.1256918131353
"19",-0.713127320618394,-0.902929266443867,0.512646875454076,1.89323310836432,0.671586061652811,0.971215745356993,-0.965707972222901,-1.58372746910107
"20",-0.635248003210528,-0.334045826512367,0.533863307338922,-1.24186225631291,-0.903128127774028,-0.737260258282663,0.394643145882933,-0.139130397671357
"21",0.751088244358196,-0.0124740704730918,-1.57147448465961,0.621363730983569,-0.459497842499992,-0.542529438378054,-0.746202666132649,0.584269868150363
"22",0.785699952752426,-2.4433338975508,-0.026373955062922,0.880962188748005,0.788199444276936,0.877373288207767,-0.328541558117497,2.04965318925395
"23",0.534621559774102,1.61059311150466,0.344435649216787,0.713919103949786,-1.30441377136522,0.0692110836569316,-0.910913874197255,-0.333554602669743
"24",1.3098877363105,0.366356642982066,-1.0073283957214,0.676421616362907,-0.246388065299769,0.419185072685295,0.277614856460769,1.48550631664619
"25",-2.14922006078063,0.378922826296047,0.384841246384936,0.0218450748019609,0.282473703124982,0.53654113692748,-0.459454197203443,-0.238306352426677
"26",-0.374512015394018,-0.913194569443417,0.690472953786472,1.69282230439352,0.205572687512494,1.22893514401875,-0.803332708029497,-1.63101565137993
"27",-1.28669524791617,0.25126509026726,-1.03865182258547,-0.53203734409113,0.220048119834046,0.763943756071176,-0.767613353210485,0.737931938569052
"28",-0.390519902024586,-0.172427302003568,-0.86467419703908,2.43387993061735,-1.08317906453434,-0.464070077928579,0.885031677645363,-3.96173001379084
"29",-0.421171036059625,-0.681239779119023,0.639166632701413,1.50585807627054,0.307543503660683,0.852232065853326,-0.905950368738131,-1.6106950124449
"30",-0.115845160024038,0.0615925690442121,-2.38302871825767,-1.28735082054314,2.02962381341146,0.939147665009909,1.15089018777349,-0.517222784897931
"31",-0.237913672583917,-0.818293019098582,0.507860281831453,1.71606098739166,0.0158390887541721,0.842719384600774,-1.04245887018065,-1.36916742140644
"32",0.0297372255415804,0.158193580783237,0.839951806634032,-1.43104428606153,0.555234981506432,1.11503025870718,1.90229756783929,0.0785416175805738
"33",0.640655105705911,0.383924283119028,0.282592329478096,-0.139755053959932,0.367366121020876,-0.474804020642835,-0.963065782461775,-0.747846081140715
"34",-2.36733392187718,0.0223926878624818,-0.0231798369887744,0.198549217215278,-1.44605901800364,-1.69262156869379,-0.636855190519239,1.50126873921776
"35",-2.88389331222271,-0.537162953795563,-0.0429267251501435,1.43749013850912,0.759152488351073,1.68035237349892,-0.547267798057263,1.24846727841818
"36",0.414777378907965,0.787954528832152,-0.44495648731328,-0.82858515488268,0.767592644262392,0.680581581450559,-0.591277612593186,0.819509642973275
"37",-0.787135989131235,-1.15361689622045,-0.123394716058168,0.182350762461528,0.408877381894427,-0.585099461024819,0.957725007988931,-0.992720180881731
"38",-2.03465213075333,-0.21434291095291,-0.624711035520468,-2.02150837595472,1.28267585812779,-0.356321866511366,-0.381097918144377,0.804408270675921
"39",-1.38568520753613,0.165960491567338,0.621599988159443,-1.75977594334385,0.777751231322652,-0.524587193379653,-0.521489074436385,0.151700044703243
"40",0.817776202693584,-0.249785964545851,0.511231553245675,1.1078230872629,0.323852827121206,-0.75757344292127,-0.703534021447197,-0.852756668941252
"41",0.537755897370567,-1.39878755940468,-1.40260656993405,1.04172647406389,1.12550379197952,0.136823890975832,-0.175036931984285,0.883502127925265
"42",-0.201833015660572,0.282283964561945,-0.130421739661507,0.41361060470878,-0.87202580717354,-1.09655865135469,-0.742418427532153,-0.249480846807511
"43",-0.418336520095376,0.396640258013297,0.30843459128529,0.193062345181727,0.216924414543204,-0.867601785808726,1.92111303081351,-0.328112414033535
"44",1.13226365305063,-0.170100548627703,0.199567790582452,-1.35916415965052,0.807390310696095,-2.66072190815444,-0.341369829325695,-0.468109208266791
"45",1.45332764364367,1.49208328841874,-1.22663865724886,0.356221828309209,0.0387969894632539,-0.0680985945617477,0.0490885891878756,-1.81813359260714
"46",0.769884819679399,0.385038490553744,0.415136773535312,-1.27366921876989,0.714349072310441,1.02138079482919,1.72976759894563,0.314427683525209
"47",0.198726922088891,1.88514148316769,0.116100513607623,0.989749061079111,-1.43914060608791,0.357998133574375,-0.10411062225987,-0.549147112109403
"48",0.61850230922406,1.50477122300296,1.42921766340157,-0.302464641427852,0.877529510409854,0.167869228683252,-0.610471225369552,0.513351911214002
"49",0.357109551669083,1.53445555502987,1.21190474550999,-0.564123614276612,1.3044628727517,0.407352788431705,1.94164913864185,-0.0551438719169647
"50",0.584755533072201,1.53085190014301,-0.103026013887405,0.845623249049419,-1.84741696857576,0.859219234583892,-0.366642302837019,-0.306202404894718
"51",-2.72379117216772,0.823634401075779,-1.16537267029097,-0.449499928898896,0.0384654626810004,-0.150959573707344,-0.0367598989483555,-0.999450847474204
"52",-0.761722880524997,1.38580863557016,-0.0758981965029859,0.770755241324181,-0.393460016371008,0.254599388282685,2.7970556793045,-0.32705803697847
"53",0.794315790187164,1.40261660690296,0.583787445340206,1.14323936276569,-2.27788681718464,0.1802617549882,-0.41814414584664,-1.26678649715686
"54",0.603634255752023,-3.55061504988882,0.844339253388087,-1.00118092140676,1.60715002502492,0.372619561721146,1.25693972975318,2.53698298418556
"55",-0.172412412133368,0.627450656111184,-1.80240021371183,-0.532531299785466,-0.860305743229975,2.20294749131937,1.13089649042417,-0.517077973756903
"56",0.383997263422823,-1.17503310735108,-0.532632814781134,0.18014607316448,-0.586494988495582,-1.55458354433136,-0.746426831689271,0.538221741206356
"57",-0.05326288008716,0.6765841982995,-2.60744245753993,-0.598047335536432,-0.778526411022596,1.6400217133038,-0.771572602745266,-0.30817723536142
"58",0.37263031250169,-0.338595596589907,-0.408224068471903,-1.4758666063077,-1.51070467877273,0.784520357756883,1.18436363606317,-1.06291711406311
"59",-0.973189095096105,-0.554059728263597,0.531725652704371,0.431799232103982,0.0651284509069891,-1.67876118601595,-0.562851043976848,0.585479608977059
"60",0.135207120230185,0.72048570464956,0.36748873193979,-1.33790940765069,0.786157952314077,-1.39301293341911,-0.806545373517234,-0.816465558840241
"61",-0.424832378143823,-0.811664463383829,0.664738218780115,1.44494449142659,0.170295512572454,0.807629983644368,-0.700772739582779,-1.48319364985039
"62",0.798351235389941,1.10728614557814,1.39941916217515,-0.256295334700774,0.933182061366073,0.143449073192366,-0.710231782174802,0.790520151767635
"63",0.61939482685542,1.52758524766415,1.41817309854316,-0.291751923815285,1.12999702343356,0.162270797728958,-0.733374245298379,0.589075807380312
"64",0.750526167685211,1.22946809427557,1.36484995857903,0.0764601273633443,0.838555561634983,0.249130984598182,-0.399154056023903,0.291665532309224
"65",1.66745410031306,0.13480246424341,0.291567351752025,-0.223064630873946,-1.85728153628707,-0.129490796064593,0.95141410363657,-0.583806163999638
"66",-0.235164939500919,1.58716401647592,1.26990029819634,-1.29350873959111,1.82728222868848,0.970828857999997,1.94645480145427,0.982758136589718
"67",0.169833058152342,1.55891838583989,1.5483996782095,-1.56578624693543,1.0929549216094,0.934837907664372,0.120330577566408,1.00287545734931
"68",0.625380754328933,1.26306404406133,1.46796416601398,-0.225360038503146,1.00168172929213,0.29224283972895,-0.520827073645612,0.65921773775084
"69",0.453842867688964,1.3671172020517,1.27439224485702,0.350785415776121,0.979065266472655,0.339233755859883,-0.408561095922709,0.855571142979985
"70",0.0806079778374341,0.869927524599283,1.00954733169701,-0.0924096108970862,-0.904256751901855,-0.780316968131941,-0.0467724415399128,0.983486621652505
"71",0.922782435008238,-1.60925972523457,-1.22014211198709,0.72736270575536,1.33179061948102,-0.084923503373941,-0.605473341824816,1.51886056505079
"72",0.352675419873787,-0.446790320836056,0.251588786843123,-0.461381278141868,-1.00866439549961,-0.120062292927266,0.815873878144308,0.445766825608064
"73",-0.094524728952791,0.135433739815647,-1.60673113492364,0.612935767649332,2.28870188099802,0.312131756118727,-1.16859448502313,-0.582979580352558
"74",0.533098981448077,-0.653528375510909,-0.708831520375969,0.947650691758615,0.896330552539285,-0.249122862003818,-0.941151527276726,-0.786217012799737
"75",1.00396628649954,0.484027500329492,1.96190684412631,-0.388907906668238,-0.11583393803148,-0.531123273134379,2.80146594465112,-0.533821044984917
"76",0.491599899571878,1.32803574792454,1.4164431678113,-0.0552772855744937,1.24318364887623,0.403511082517967,-0.730505581793887,0.702767123854139
"77",0.545599137352563,1.42030851032,1.46764435913914,-0.12303675856888,0.981250001749909,0.51270526381232,-0.592360075761527,0.511813821689289
"78",1.77320926983931,-1.81868192853482,-1.31723990690792,0.892683282357481,-0.374848425386519,-0.547899743760742,-1.55679264024764,0.763731223295197
"79",-0.102198807405444,0.0670688760480501,-0.57918943237977,-0.80720314814193,0.170542604307927,-0.121227475317294,-0.663043570988894,0.840180011271955
"80",-2.84079685863536,-0.324174833271845,0.0881502030809053,0.726539351383081,0.625303143012507,1.78035199732949,-0.56116242345246,1.03351898778863
"81",-3.08094445574254,-0.0211241175247834,-0.0989170647580469,0.737187637816421,0.782306207733702,1.73948501997294,-0.565324186193444,1.20161144239257
"82",0.607561940080206,1.22129511738138,1.29379100080681,0.304853288761271,0.96036467128151,0.392579706693868,-0.569912729328824,0.404097492774251
"83",1.11791141706638,0.00574854603236444,0.556847780142941,0.534038922181128,-0.0273086565857169,-0.397980914679309,-0.836794466412243,0.0602575467941308
"84",0.513330619302192,-0.192758344675574,0.560371333787561,0.455946562540848,-0.0313026166599706,-0.224840777604459,-0.762600411938441,1.13294899633746
"85",0.0641731864659526,-0.516640293299698,0.0239013562712006,-0.775743465023907,0.571504415840673,0.662826914767743,-0.746511186312653,0.309391303838756
"86",0.813274933936845,-0.333685731318144,0.880756800101136,-0.768621992087909,-0.209957975606001,0.61355604561599,-0.54054183911998,1.13519111926565
"87",0.58547149268327,0.871379906766539,0.464440595174546,0.664958722345611,-0.694296735814358,0.17186802366561,-0.248599098655785,-0.461652837003407
"88",-0.0577164293801976,0.343202171857411,1.40376530619867,1.21281706474984,0.350003637053962,-0.595500508424222,1.18283837573387,0.332740600006459
"89",0.12999914861534,-0.0775488194304385,-0.799372434019624,-0.492449909446579,0.468391119016136,-1.0574349352069,-0.804045034282639,1.44621791491817
"90",-0.0825415877467618,0.592915173608248,0.704138586941703,-1.91287638842202,-1.05164091804048,-1.25098586054707,0.257190092095304,-1.21377054899076
"91",0.337057549675134,-1.18130623458114,-0.997768509368156,0.613427361615687,-1.17300514138659,-0.874102709598664,-0.293113134980334,-0.0452388197000625
"92",2.52280852534276,-1.36442560650033,-0.585345860446489,-2.10768036403959,-1.80789763878194,-1.23368856858365,0.758442391504915,-1.70049360429106
"93",-2.86915810452059,0.4729319522095,-0.556918700340015,-0.68848226870968,-0.167907298622502,-0.475398180843227,-0.300951137748879,0.290572032021771
"94",-2.38424272094009,-0.991580719991196,1.37512550287469,0.509908037144069,0.226206669197421,-1.83779083307998,1.30345575582434,-1.20155799667911
"95",0.554122589732926,1.3425337609388,1.32802676569035,0.255752052941216,0.983526781132622,0.244710801930053,-0.706938480980106,0.871625184103658
"96",0.773892610303493,1.09281489368864,1.38645024030125,0.0565927236962176,0.848703522232805,0.2433986397111,-0.0642491369650522,0.390220252294355
"97",0.423630712180877,1.74409801742067,0.233095897829151,1.19921507706503,-1.72381182559632,0.732028610734865,-0.681102482588373,-0.643149036641487
"98",0.265919655107675,1.45137535813387,1.38530647917183,-1.48778973931976,1.55591890393992,0.993721342101386,-0.241153632017642,1.26628826309129
"99",0.121637291539281,0.110181933430289,-0.349732113648158,0.323782233820138,-0.832757253398326,-0.0048392727364529,0.693036164967831,0.292997645619242
"100",0.0391738757091284,-1.12801042706071,0.180182532312641,-0.393284147600368,-1.15845766931087,0.199753240721943,-0.310776442839363,1.00597620132575
"101",-2.81470666939495,0.152670958255928,-0.108919642218173,0.420636374212728,0.166595043978973,1.6816400750466,-0.526033025489872,1.04423938633039
"102",1.03468346500389,1.43228030040516,0.36598468645085,1.00822547498924,-2.58729373921214,0.407747596366269,-0.71203855517119,-1.0733842971658
"103",0.258536022930192,0.299040568102748,-3.15430295908841,-1.44996544654201,1.81910112577419,1.11633181480056,0.267892799713632,-0.564673455444801
"104",0.601721081155054,-2.33775411626321,-0.0354468239220162,1.42748206251503,0.428604085543189,0.874035766696421,-0.385358477879956,1.88952956086635
"105",-2.71452669458691,-0.136461902737538,-0.231607246152753,0.507349512028601,0.177855860249716,1.99384531006363,-0.506935442450509,1.10838724035669
"106",0.699267753166513,-0.0563719549711573,-3.13146303649666,-1.08705916023356,1.30486926228023,1.39138672393459,1.0527107007743,-0.897101596237055
"107",-2.82313981274231,0.0360079418216025,-0.309227363963879,0.630037851648662,0.19516884158418,2.08265927103711,-0.359783987411502,0.535529899416714
"108",1.007245701344,2.18582043694786,0.160416304601215,0.530692171039624,-3.13990718148489,0.333880758233425,-0.885369935852096,-0.634164665523381
"109",-0.0451227999253996,-0.714107172294852,0.307371137221861,0.0265859431279327,0.706785947692767,-0.00283971827097872,1.02272415414221,-1.03526567826786
"110",0.567511730162735,1.19786523273352,1.47027300546243,0.469885050785107,0.857910168690263,0.373961092388414,-0.477486630232504,0.500951129169001
"111",0.623806967629039,1.10655290726258,1.36803385867565,0.215916436335399,1.1234264836346,0.297273619112411,-0.833616975793523,0.857071262272643
"112",0.614851617261868,-0.084285429793182,-0.45060360307487,1.34585485610352,0.323591705537178,0.898385183913042,1.07760265098401,0.958510382244714
"113",0.530903874713786,-0.0219146148729785,0.775399879928129,0.0112665105033469,-0.858044555059489,-0.147538322298064,0.502163536739303,0.567954594217573
"114",0.409070114481073,-0.789701607789189,-0.917467216239581,1.83829100931326,-0.000829938488991839,1.58066134617487,2.69770732283807,0.854131968995258
"115",1.08437641753048,-1.19708124384678,-0.127850960762504,-0.394663102237401,0.0738913498178495,0.773770092217335,-0.630330194231555,0.439246967206462
"116",0.580283708013866,0.546507537985196,0.798158108375623,-0.0723208539968842,0.848141215368803,-2.82979807616131,-0.79903459674184,1.18612070903934
"117",-0.246044670685877,0.111426868429749,-2.01874769085565,0.0604633812103603,0.876606955195537,0.497180568860275,-1.07822975440568,-0.411436484470889
"118",-0.1401494932173,-0.362757146871035,0.182932382737223,0.863756183535278,-0.417240852482358,-1.93648258059946,-0.596782845125345,0.335122471723392
"119",1.77882528211623,-1.33391211658455,-0.201369370646301,1.04743938216207,-0.22097538646388,0.232065526943098,-0.298271792281082,0.344918684316649
"120",0.37913742916989,-0.0925881037987049,0.0516593516557033,-0.757010231433356,-0.137353511783288,-0.452506624988298,-0.36323106393785,0.177250594311575
"121",-0.807712845574194,-0.755241460959046,-0.261535903162488,0.834774686983205,-0.486858052069292,-0.140366312261093,0.0179647044917428,0.164053444024849
"122",-0.596739387217778,-0.107745098474949,0.41386501644875,-2.78557682423747,0.487002038510843,-1.65003036120372,-0.520684378635989,0.648634938878631
"123",-0.706646452317094,-0.45256683850717,0.172789132929685,-1.07278822662404,0.0733106544971193,-0.440757417702631,0.537331699553167,0.124124275850832
"124",0.543495952237115,-1.00297586138128,0.438678269803706,-0.377923308234455,0.0297168131175202,-0.427096940124431,-0.871517785663339,-0.0161014374993159
"125",-0.173088287166562,-1.40964870798048,0.163915330784455,-0.114684190266276,-0.675787737201269,0.828086120813993,0.0810103811484338,1.41866542828785
"126",-1.73916320524377,0.26811963860364,0.569939813252501,-0.81040919194887,-0.700608753023157,0.377588241920092,-0.421872900929788,0.752213004089818
"127",0.0280418725180106,-1.54949715427393,0.879148890079606,-1.02299658934187,-0.342591246762724,-0.685664494240872,-0.590417464889637,0.58902546471791
"128",-0.0319356826817104,-1.60212147941207,-0.0757385817505614,1.48840380987278,0.892066912008816,-2.37654058030947,0.550110867288372,0.183177394181199
"129",0.698310705489344,-0.316982418284578,-1.37590054930992,-0.358377711785998,0.205915075192514,-0.955061581010356,-1.07537318934436,-0.00897316813235234
"130",-0.800870315760469,-1.13905498214651,0.677918188270806,-1.55179834351741,-0.35193720250727,0.0912147955462191,-0.473774745873136,0.816174918302311
"131",0.528389429647002,1.31727322259662,1.23321685365998,0.623326636089229,0.910797176193564,0.302088171540764,-0.755784562339508,1.03150902025219
"132",0.358873070697123,1.73140882550861,0.360025743314645,1.12352192041215,-1.81072213629173,0.748549585692771,-0.570956076056847,-0.561484202032516
"133",-1.35676442994523,-0.371390680274917,0.783946092180348,8.28170870820378e-05,0.475810549747909,-1.09024947056604,1.72511998006075,-0.631147785879622
"134",0.182517253598114,-0.969720904910068,-0.697295940091026,1.68810535293266,0.347237436247301,0.167824257324588,-0.494474611902243,-1.06639860323767
"135",-0.76633271171997,-0.661429066933891,0.333272050657096,-0.665641953863246,0.810473082072985,-0.17381135922753,-0.393198373488714,-0.348301908199358
"136",1.56497266706956,-0.824552309354233,0.0379962638859366,-1.23744815298016,-0.176950599601875,0.979793286039495,1.96660615422932,0.429787637291669
"137",0.644060852059217,0.268262614835723,-0.547096295290951,-0.756499447732719,0.470129931330434,0.431474738785977,2.29070586715003,-0.538827193209426
"138",-0.126707391649949,-1.54171127970924,1.22847353571881,-2.25833452899898,-1.0277911661869,0.729826005072997,1.01764006206402,-0.0818881629969843
"139",-0.487754732689927,0.629122167724276,1.05179303002165,-0.29679838155124,0.0199413261024769,-0.381573583879126,0.110008866131013,1.11039064502903
"140",-0.523841182528715,-0.00843225367965156,-0.266771055372868,0.761373238354237,1.01838714513138,-0.545806589627596,-1.06969692767563,-1.74207487763306
"141",1.11309650600504,0.513312376108103,-1.12680893144266,0.117760741259034,-1.49894682545724,1.05425048457352,-0.380713135925103,0.102146847050428
"142",-0.659821464397666,0.707048914089171,0.458313980696907,0.993761061029284,0.829765300549596,-0.623812679718756,-0.434811064436173,-0.144399299132295
"143",-0.311453972166141,-1.10673243206176,-0.290334697185154,0.789268148488635,0.174336159232627,-0.526787502769915,-0.304180143205228,-0.448681701421726
"144",0.322348588745739,-0.169921849459942,0.374948178393412,1.1808437089452,-0.791227338931556,0.597824014604023,0.141534080808022,1.04346315866466
"145",0.608197877742465,-0.249999582448775,0.348885793037383,-1.44245021594293,-1.01430792784168,-0.116507947099604,-0.118503155642093,0.973493565328534
"146",-0.118007909927327,-1.68643810492764,1.00791769860565,1.43668580908919,0.507519157505257,1.62825765232817,-0.946303502912073,-2.53484608207636
"147",1.10149668203733,0.244197166986344,0.127098890006808,-1.62442658279372,0.421713689831066,-2.54298368167669,-0.344894630323803,0.177431216449452
"148",-0.285351518585301,0.430883680342875,-0.668435337621804,0.49516950725151,-1.02726730208732,-0.442686035239411,-0.431897594400014,0.218536033664283
"149",-0.0911936428570519,0.101048114652968,-0.272682981105191,0.144939390417145,-0.704663316023061,0.000277902938945083,-0.70945390601683,-0.333929863090503
"150",0.831732766891347,-0.0522187343660976,-0.559846484575431,-1.3814175167456,0.369624919818234,0.554674912513099,0.442095184623815,0.381453459152927
"151",0.527116277134242,1.29180308191217,1.38997569946447,0.4626820032733,1.06338103051541,0.238681467048612,-0.710985989436042,0.572934163829783
"152",0.562797826380064,1.6516988965867,0.591080061707069,1.05104708378638,-2.03035506189096,0.113987595354614,-0.415203211626748,-0.626089956485651
"153",0.49053202262092,1.60066105728998,1.19330901874118,0.267012782037989,1.07170508487984,0.373192864201847,-0.794676141382249,0.57888598611322
"154",1.86886612875513,1.29110805828116,0.0632252217056217,-1.57540438968979,-0.149960723791058,-2.23393873747292,1.6827687526818,-0.955940479720604
"155",-1.25649932111621,-0.843194642649543,0.888215094125421,0.362825653997097,-0.305448284443216,-0.433835304811823,0.0702672779417289,0.446364400348184
"156",0.0504566583980251,0.115079196327548,0.221185288903766,-0.980958177559111,0.772258311336953,-0.866342758697262,0.0560705766661733,-1.12123474338553
"157",1.22590163852524,-0.705285058958211,-0.334059536353118,-0.326173216524237,0.396349072241917,0.0938654659435388,-0.227757904289904,-0.232230523418389
"158",0.729161729484689,-0.880604176255817,0.4804103720902,1.13143874559769,0.283230518879318,-0.0967312053763001,-0.718550775891161,0.84206434500597
"159",0.503804570290938,-0.326966897172559,0.14263742149109,0.49599127279294,0.276961718923848,0.0492216627349242,-0.385561706847286,0.696388282637669
"160",0.430326850067759,-1.35488303056986,1.38868228114878,-1.45499345071885,0.278393150721666,2.02313167793116,-0.915586484377379,-2.89312964536692
"161",-1.68637914726205,-0.322973383647964,0.7904640693238,-0.0590560633623563,1.37561778289657,-0.682377459909792,-0.295525731877617,-0.074444441139142
"162",0.577220680837458,0.221491536420809,-0.813761688793966,0.589763992003172,0.0236592541926165,0.513849089277565,-1.11452801349567,0.209273253494461
"163",0.507180440829911,1.26699381917651,0.446631826884147,-0.791786064174328,-0.00677578082871603,0.574370972991974,-0.238084886153352,0.182418075518016
"164",0.217893788822225,-1.2102585816883,1.32139843548847,-0.455414070530745,0.867588746293849,1.41161213206765,-0.724926726059609,-3.02615004497167
"165",0.151811982272118,-0.396595270366114,0.239449230567489,-0.425133687690141,0.00528825057702661,0.168989203737295,1.3250186710386,0.228616643626793
"166",-0.18793333425187,-1.06813417661385,-0.0614243748904382,-0.0251747173953136,-1.43055282248811,1.14773751173985,1.99312009000386,1.09408784747894
"167",0.0173623723048584,-1.81518796085176,1.78161337047155,0.668037875196152,0.0379925815363167,1.76482508719716,-1.13339557731806,-2.42347505683966
"168",0.211258962951757,-1.30900381338565,0.928945181618871,-0.225240365400716,0.648441675796692,1.63157960936055,-0.910776373109409,-2.58729222765148
"169",-0.108094603702106,-1.31987004848603,1.38073888264557,-0.62354352171154,0.204924844994334,2.09884390647177,-0.965644324037493,-2.22330157058115
"170",0.104791257988467,-1.70765881525492,0.86642561867031,0.471252113111196,0.398083999322083,-2.39711815850138,2.04724565844593,0.0946786261522653
"171",0.0233254312802123,-1.73777979051233,0.317856864050343,0.822461595557751,0.957330647207871,-2.61220603137857,1.1888737573757,-0.053376847998487
"172",0.496632108220196,0.475160718826306,-3.27034404007864,-1.03767241337309,1.57728347214182,0.480838774361241,0.242322572336114,-0.375290367019004
"173",1.36643944220255,-0.0337600787305325,-0.217435864817529,0.0991792468621414,-0.019616939303813,-0.294624726047218,0.124312349009763,-0.870178304810987
"174",-1.48140331670649,-0.353615510841645,0.873599460219372,-1.65061046093678,-1.53232080703565,0.304747468898879,0.434902232281863,0.159333537076118
"175",-1.91242715106694,0.332238070986994,-1.32929166526505,-0.785609681559144,0.680432033824751,-0.454043086290754,-0.263940959602117,-0.625988700017995
"176",1.1960805550214,-0.845877154306211,0.224207058443093,0.110920284752915,0.570642721925312,-2.52382599629148,0.7274825305619,-1.11321266318078
"177",0.245562265517187,0.292107506074722,0.121764849137369,-0.320830372102773,0.782635294215975,0.652168487739375,0.427617928299377,0.1535266689452
"178",0.433499454978017,0.420248759479906,-1.12014918771937,-0.2147892688598,1.19093040648582,0.448582179469495,0.417600592472788,-0.239958694235128
"179",1.24074066100143,-0.612226019833094,-1.46186148018302,1.27801558813744,0.406109209264733,-0.782496062269794,0.0151204224036708,1.28877220924866
"180",0.0673704197776022,0.52323188252642,0.0380922645612872,-0.718577145846564,-0.377744616503338,-0.810441523778734,0.180752722374643,1.09906182409367
"181",-2.43175560303904,0.429320885817369,0.254482640981639,-1.39404698832335,0.00323596152725929,-0.513425816401893,1.11443769278427,-0.79246964098631
"182",1.13178611709122,-0.627164086550764,-0.823498672595711,0.888520749881431,0.748555320669767,-2.42659138950629,-0.844666079202108,0.90042791944279
"183",-0.374548074808486,0.601147524761706,0.0723224582046763,1.05511095909691,-0.324008491184501,0.251655715849874,2.43758391408991,-0.287959272808034
"184",0.21911394704992,-1.55942369719248,0.817380002647939,1.09893737914241,-1.19596219587579,-0.703631630251142,1.58655949154839,1.11375383751125
"185",-0.130169514551622,0.0648121385231316,-1.04412376590248,-0.122917939939393,0.0659691805238641,-0.976423839442804,-0.487188118054361,0.490078155700076
"186",-2.75249087182888,0.536628685588284,-0.630145898192166,-0.165617780586108,0.805550975889081,-0.230406193971941,-0.419403059237275,-0.379953828710635
"187",-0.0333555852160824,0.21357902033936,-0.389049504781263,-0.533262050034506,0.0992205852369654,-0.681192236869582,-0.920404563393495,0.177500618374901
"188",1.08554921428094,-0.911477185225578,-0.587829478344716,1.30530263774203,-0.516340265516749,0.231217884004836,-0.947719276160012,1.69041848764412
"189",-0.41588940153916,-0.189425045414311,0.207551871344787,0.581011331629206,-0.459917802017435,-0.842014059972385,1.03454509816686,0.6042368722253
"190",0.350608874949062,1.02032408477389,-1.93710267402009,0.0882260810120886,0.471566491358203,0.0650577034104524,-0.518549531081945,-0.584891207929246
"191",-0.148421968556922,0.0735443128341884,-0.345054037736565,1.58964041848976,-0.112631371107915,1.04174798743838,2.5519336321574,1.46905810841236
"192",-0.148929968777909,1.19553585505969,0.0955886257374319,0.711450584876238,1.0608322924448,-1.00389563293001,-0.770328911982288,0.807117104619417
"193",0.478739567437861,-0.252319365355652,-0.826229354593735,0.424535581956856,1.17415967815448,-1.93400605162882,-0.659157501839076,-1.52659944429148
"194",0.213304033428517,1.29415438120966,0.940442607641457,1.07486288683588,0.627989225815528,0.182831739225325,1.98003054237924,0.280164661120396
"195",0.450241498393274,0.0494106592358752,-0.671407673469292,-0.456614007919256,-1.01254030268739,-0.608248242194701,-0.76054115978777,1.30171617031045
"196",1.1727153714079,1.50578069520283,-0.706339525928539,-1.52676452933389,-0.0727345263555063,-0.0486394117960005,-0.851341911572809,-0.432635982873033
"197",0.504571911389229,0.662953457639369,-0.654368977474844,1.59245073441374,1.0786595516782,0.542466071350098,2.02061849487442,0.920965882593852
"198",1.03579810968938,0.306739839695786,-2.67188685471628,0.0465150280486366,-0.348326413811235,0.438970017161433,-0.841505403193825,-1.99179900466887
"199",0.706722138195767,-1.14370595567798,0.0767915001782731,-0.624286957670454,-0.760577451147841,-0.522754705404942,-0.758168448894764,0.648327911022709
"200",-0.553908508570451,1.42666820260948,-2.27422752682802,-0.382994623321611,0.998430074939548,-1.29019953150949,-0.677921944323576,0.171370099055527
"201",0.932449750814474,-0.983319266326675,-1.287968075399,0.474682022130869,1.11181644828022,-0.526016855688403,-0.849441462928766,0.173223634329221
"202",-0.0645966876856149,0.395646846222562,-1.23197357361983,2.20649550692937,1.48971274881322,-2.56090233459296,0.267480671380543,-1.06979940910809
"203",0.801682424181154,-0.740355239624942,-0.393140325903483,-0.456216162837514,-0.975077145763833,0.499012308201657,0.409203662987809,0.740625252686578
"204",0.41974430591372,0.23081785184719,0.132382916662105,-0.919406521659439,0.463598009883635,-0.245769750641351,-0.550355267049482,-1.84172874125222
"205",0.0305729955070525,-0.309891147039824,-0.124033897865079,-1.40581285818275,-0.446430634440402,-0.177637889538464,-0.726577574985332,-1.23156377110687
"206",0.286149632503548,-0.734506181337702,-2.12781777379482,-0.348596378480245,-0.00192246120917826,0.98724959383587,-0.739841884955447,-1.31560436194352
"207",0.338453784457627,0.0356552320568735,-1.95350379834743,-0.49375996373548,0.056407579011842,1.37342122147656,1.8588079873585,-0.445216999493964
"208",0.575045807039589,1.13425055341341,1.53675681167435,0.369562736303713,0.580816078618155,0.287761340563744,-0.523531893244558,0.785725648430118
"209",0.529640480180546,1.22190207349051,1.28190214231263,0.405216941493491,1.11154026854475,0.357571525588914,-0.75616610120897,0.682305570588914
"210",0.52192238602945,0.982417187950706,1.41281593905956,0.429681904702152,1.02135092991132,0.460174120385246,-0.903984798917393,0.591076509806222
"211",0.0128731035961779,1.3160296391882,1.51786153247803,0.161958011461067,1.19124378617583,0.604231527781196,-0.571568328028439,0.870357349704482
"212",-1.62281467587933,-0.492423145896222,-0.247787414215223,-3.26290769091638,1.72229540870878,-0.375092425573731,-0.713974205784529,0.685917400734432
"213",0.327914431102877,1.34498077323221,1.33783006905104,0.301244953196609,1.26275422904274,0.472429459822327,-0.756899838028785,0.734370758527493
"214",-2.73481183721954,0.890980732705065,-1.39508678058254,-0.16779784778708,-0.607726420566991,-0.850102533476651,-0.532266925648981,-0.0154403449235759
"215",-0.051034971878379,-0.623163662025167,-1.00825877911015,0.798147943041237,0.60011079892735,0.730929611382253,0.00358304594921958,-0.451277809382045
"216",-2.24877203295217,0.157280122176394,-0.949274166701809,-1.76861736799902,-3.41883569026125,-0.397366245601563,-1.16003866829443,0.891983784222502
"217",-2.54233467490356,-0.0883947867721034,-0.898960215999158,-1.22496223991419,-3.60783860379819,-0.202069609051077,-0.853637026748485,1.11747478382336
"218",-0.508812988225675,-0.97660473874035,-0.155762892092169,-1.57831557495984,0.206451327362556,0.415631632728476,-0.938556086265192,1.06770813204956
"219",0.438951958684842,0.991409248117221,1.47481505498453,0.301888794909613,1.05518553973193,0.485906337970539,-0.656017359800875,0.954036491053632
"220",1.04169834039285,-0.0639698190031115,-2.00115983448711,0.521766152753559,-0.0903534450241849,-1.75586634089211,-0.776612728149903,-1.02777112573818
"221",0.182171334183562,-0.633597097954444,0.569034389265574,-0.0680771201776696,0.0713156831480163,0.103030946265458,1.43847629638178,0.295811699909955
"222",0.0183358328555027,-0.797565016977784,-1.59725664659535,1.28177516576704,-0.128348741137386,1.56407346684487,2.32653170024009,1.07578423577736
"223",0.211498014891684,0.642379344108803,-0.771409635770848,-1.14647289385358,-0.0315231874832237,-0.238465364447044,-0.149569581340898,0.496464951408763
"224",0.86848557383008,0.162668021237145,-1.06630042582158,-0.020447444552351,1.25955313362313,1.08728165908922,0.563932015274375,0.31030810368104
"225",-1.44780266705386,0.360275318398313,-0.936148434538163,0.771661176193729,-0.00469850924915544,-0.637222695213735,-0.79834329455785,-1.60403831135911
"226",1.18250636334052,-0.185316223200914,-1.65721049789431,0.93810527961688,0.854940592979182,0.735396805481535,1.4734912470648,-1.6644056211996
"227",1.29969999553797,-0.52561834495542,-0.207725607272049,-0.578278911460743,-0.90701556263306,-0.291219583059122,0.668493056764173,-0.236062723914152
"228",0.529990497710979,0.0886575795156804,0.746859103681653,-1.21543583542883,-0.894114458780396,0.31805576686748,-0.580595413581681,0.440892404798183
"229",-0.672169434277894,-1.10711129201657,0.561055873006268,-0.829066519282653,0.437866282777804,1.22210068237113,-0.193072297915203,1.07643811860982
"230",0.38619834631105,-1.33503119237627,1.43587064309802,-0.715629982482345,0.0751196476573484,1.31421678980675,-0.896233246636423,-2.5246782472241
"231",0.308814668634605,-1.44375200665456,1.49386924160117,-1.28348941658147,0.590967910276591,1.97685642364016,-0.805700489584864,-2.09764809111538
"232",0.416490228758676,0.293495111770071,-0.568875067631822,0.468528584493674,-0.287993832876152,0.732280942130003,-0.702110226485705,0.455205997681847
"233",0.520547816889291,-1.54389021327714,1.89756297886135,-1.02253509452194,-0.39675931145872,1.68570558459181,-0.86927155980914,-2.39118988986426
"234",-0.285011546391323,0.426330608996025,-0.63891867517109,0.175342638374841,-1.36681932383055,-0.717069621218835,-1.02891931445707,-0.55255360089066
"235",-1.37711292036758,-0.654203091498027,-0.6924254840369,1.61927177860791,-1.08966655817997,-1.17666471433487,0.481737916226954,0.224599419593044
"236",-2.31417272348529,-0.687470943236818,0.197725937061148,0.8368861091786,-2.27559483535166,-0.691740569543902,-0.343837818174414,1.36301954025966
"237",-0.0656495672574206,-0.393500141709681,-0.318598068973288,1.40696428718572,-0.533014693499383,0.422269337481723,2.46891215549626,0.139019234630173
"238",0.601142281614261,0.201424355241769,-1.31452256060597,-1.2865081640815,0.184952379400962,0.498893598992087,-0.514382427713762,0.79038986022608
"239",-0.859856608889062,-0.353654405611221,0.237638765121079,0.0683034345885264,-0.951229124193601,-0.260234616310652,-0.129581571852259,-0.963035862300623
"240",1.09120246482376,-0.768331655200685,-0.0862287133939784,-0.253537430251156,0.75440307214508,0.45570616140497,-0.54433892789149,0.441500407163229
"241",0.452415745243852,-0.252015757057551,-0.554072715718569,0.798384061835667,-0.404714217468503,0.833366782561183,-0.785553063687075,0.448150893159386
"242",-0.193814743902564,-1.57128286218217,0.300680353458224,0.961416723162398,0.322067777980537,-1.9969817929317,1.60950397540045,0.0703753559773446
"243",-0.0557657169144998,0.577322525764378,0.690050341166974,-0.188840762231518,-0.275752667535982,0.295587721774121,2.33085531646638,-0.207819028888083
"244",-0.416075567200548,-0.574244837889924,-0.84427365591897,-0.145905560441099,1.04032150534463,0.76351754630446,0.266614732068569,0.66313504066752
"245",0.29151147711066,-1.40298761388146,1.22319084031565,-1.02999724866303,0.0665160755400645,2.28146815994502,-0.776850241903855,-2.02922305553658
"246",0.251738332557446,1.28443154758278,-0.720968395380765,-0.205616208495102,-0.451688503956763,-1.1076503491362,-0.620568401112526,-0.432692776660783
"247",-0.425390505225599,-0.597408321905279,-1.28551152679608,0.23742095323028,-0.981164345000643,0.974335125602251,-0.433289237813818,0.989222802132301
"248",-1.61977008319213,1.96142674869621,-0.253836786077482,-0.858256102500462,-2.29730020508417,0.409799354438889,2.1902014770605,-1.10243258430673
"249",-0.119997362979831,0.0978565882211399,0.229694285119549,0.215693235830508,-1.81793721449139,-0.577111498888375,-0.220891701066422,0.840738529389787
"250",0.775650859105088,1.07105845804466,0.751159319357103,1.31568983577285,0.472583775896439,-0.029367245752879,-0.491527802432001,0.274290816228643
"251",0.88184166083289,-0.748342408092167,0.35440702770622,0.504967361935762,0.148100456793363,0.160982355894571,-0.856811650803163,0.156477742115486
"252",-0.0679775383390902,0.798062388152601,0.174199627171461,1.87263910953824,-0.475656198302345,-0.560326041625728,1.26790018589805,1.31717624939036
"253",-0.0555976358875059,1.37989581187853,-0.219051140203141,-1.30685506055819,-1.18231228681093,0.19238405746268,-0.477063234622064,-0.40975923443338
"254",0.228872436627986,-0.733554708797134,0.444994149519052,0.284613232476334,-1.58204092320958,-0.503721054199236,0.542822209797823,0.177924858661459
"255",1.58155795359415,-1.40282563309217,0.87555272436068,-0.82863772129155,-2.98866236607086,0.0847364055103331,0.108319509729469,0.861559264440821
"256",1.47768143768928,-1.41774472100492,-1.67775324862362,-1.54854832054912,1.01036476621503,-0.172236108022958,-1.4435305972286,1.03157467492437
"257",0.725873248145788,2.48345297911668,-1.35587664783277,-2.16253762203786,0.146325944732857,0.0728993186870339,-0.789966751161023,0.768678998385838
"258",-0.0933776539396941,0.911107648048971,-1.54725108986232,0.97784233850917,0.428243359462011,1.63221819671637,2.17705775773471,0.00812138948663854
"259",2.1198707988903,-0.504578200366851,-1.77111981747368,-2.3293913271222,0.553625374557773,0.62562761258346,-0.579525863954394,0.142742257100698
"260",0.239632528916012,0.756470461419266,0.370848000778988,-0.178669211273288,-0.344206031020749,-1.83721646682411,-0.861619539749318,-1.22845041199685
"261",-0.952469134196371,-0.220390040539153,-0.326090532190285,0.572115092732377,0.738562261767576,-0.382046154017205,-0.581322442829067,-0.992914083908828
"262",0.00045154571798418,0.101570373586476,0.263321341732485,0.866310389947595,0.0608496017565941,-2.56138133602796,1.31209880006233,-1.37149955286599
"263",0.565579553144995,-0.687010400179695,-0.329973502595046,-0.392099983205164,0.145516287710135,-0.0192208872586083,-0.419555742956769,0.514590775634554
"264",-0.296818571750666,-0.750237098174179,0.466522105461776,-0.553483868498932,-1.8085522583043,0.612579579184826,1.50522418261935,0.420179121451181
"265",0.588393145275058,0.266344236234159,-0.106169043263336,-1.4653912888461,-1.01661000147575,0.390074313999807,-0.578854417167732,0.725528145231699
"266",-0.445442762406798,-0.629093709391106,0.285035552054127,0.878618525489097,-1.23602076123963,0.601246421154683,-0.711665581197965,0.7055170788843
"267",-0.79793561038039,1.41304890592354,-0.77079454295714,1.9964126732356,-0.0964848991058717,-2.15763613312925,-1.02268246788907,-0.152042684873045
"268",-0.985602481833227,0.252569860594434,-0.156073295201318,0.687209246366568,-0.836929695379191,-0.682687523920801,-0.159343589016335,-0.0940521462061117
"269",-0.23632288393133,-0.211469437385174,-0.317865523477591,0.756912209061739,0.339096699763618,-1.24840328352772,-0.59355483707545,-0.609951815617995
"270",0.271463017588809,1.50872517956985,-1.38687363541416,0.211299022782496,0.108963800644807,0.27943179525885,0.293322346926042,1.01181879204124
"271",-0.260023941440165,0.505048332954992,0.0494106390090074,0.932637260995683,0.547261894852256,-0.771413288578636,0.264215168046214,-0.220742674300914
"272",-2.73311995397151,0.740506997835531,-1.41461874780765,-0.0223738680212368,2.13202899107109,-0.715853962571081,0.3518850886155,-0.819018288968871
"273",-0.477559957649078,0.881311189433528,0.370886819353018,0.678788947672784,-0.255637410492377,0.336283383546584,2.10682581980419,-0.103824828464961
"274",0.582388344787044,-0.898800932992904,1.81514229420769,0.667220161616591,0.405996484514016,-0.231510563248114,-0.34792514035025,0.029757848759314
"275",0.918206524845224,0.125209954949733,-0.975697035992403,0.869197009289618,-0.289859824402846,-2.23045533283255,0.698795067820882,-0.879482736498211
"276",0.40891863370095,-1.77001835051648,2.07682550323923,-2.36373197384155,0.0153203109017146,-1.140377913923,1.99424458287036,0.0736506616806295
"277",-0.836284293618087,0.0970553855139427,0.266005551102648,-0.5461412937607,0.61040694404452,-0.372351142002946,-0.878863036305998,-0.109436065520532
"278",-0.249255092788868,-0.51422956094071,0.0780632189603499,-1.30977275921762,-1.04387929047223,-1.04329607225916,-0.905929318157365,0.628757968815846
"279",-2.26658385125652,-0.214340027308146,-1.02799456436087,0.748513681846734,0.961917092404635,-0.771352657576284,1.26145586644687,-0.214648536524201
"280",-0.584321137027395,0.236922057511775,0.302325537122123,-1.12817461663596,1.16700886768992,-1.49951736438272,0.59112990456728,-1.21700312410205
"281",0.397281744982146,0.692772060788613,-2.19342104051019,-0.171052644099958,0.260268762401089,0.592173112975847,-0.755517029104147,1.21008703448119
"282",-1.32437931424124,0.112096676539958,0.578789375793857,-1.91982815846801,-1.74433173472791,0.770721478878974,-0.191268252076491,-0.8290132679989
"283",-2.23096117860266,0.462612372805914,0.142793080789594,-0.510028322799033,-2.09382542639671,-0.164459750756176,-0.544494867941888,1.01327144638638
"284",-0.265709227194356,-1.19319822810093,0.771736708120231,-0.583045966608946,0.206574088617241,-1.43836958179682,-0.729801709628508,0.0579829572015713
"285",-0.414542988513579,0.657954723023472,0.675239873811478,-1.29149342180401,-1.01960213691016,-1.36666710553979,-0.837305781050232,-0.860331494399875
"286",1.07864547672076,-0.559918717257681,-0.687130777144512,-1.525671634215,-0.855246427637593,-0.298431770767801,0.0553676842929507,0.128709649868908
"287",-0.371638199531866,-1.10326254893119,0.034775305879948,0.0948074235428716,0.65245361279347,0.955357631738163,-0.671244827456786,1.41901764636378
"288",-0.308478663497709,0.366853883678654,1.08173580018648,-0.756340565213283,0.817293685559817,-1.49931691071903,0.405049731731589,-1.28305915000661
"289",0.595654384033517,0.429086522886877,-1.08855425260032,-1.66371523919419,0.948735433703168,0.0290945678819637,2.81928013457961,-2.06089532296398
"290",1.4253830809935,-1.71743492784913,0.294749564951515,-0.537060000142838,-1.70818736548025,-0.033183202819094,0.617957216289973,-0.11421200665317
"291",-1.0167983286465,-0.953797327041902,0.540577702525354,-0.00793708820707465,-0.412255670727787,-1.09030515564624,2.07533365224607,-0.47630308670547
"292",-0.304382039060683,-0.0285422837409127,-0.883589684638463,-0.40322137844958,0.723407356973727,0.607174968169583,2.23162011538815,-0.211468699313056
"293",0.111442311048594,-0.432490762508578,-1.22578454286394,0.00790998539176561,-0.422259939539227,-0.610338552425904,1.10630226127491,-0.174106238037383
"294",0.521941520425449,-1.6331094132196,0.487220925478655,0.324346660722019,-0.837973482893106,-0.172709234120445,-1.06613261802266,1.51149432776847
"295",-0.123615034494024,0.695007966968755,-2.87875014533361,-0.443044256323745,-0.146126054108996,1.64756494920902,-0.760078929101486,-0.201559133242035
"296",-1.7856508637964,-0.390793130101172,0.816592959150681,0.374365081112108,-0.357417140907192,-0.777377369497549,-0.569570703237798,-0.434717819214645
"297",0.990263631220362,-0.624312726061262,-0.83070574909554,1.59760916798419,-0.401531651668271,-0.355379531837841,-0.287480079681751,1.427084697508
