"","X","PA1","PA2","PA3","PA4","ID"
"1",1,-0.648062047183939,0.665284516259526,0.775519667132247,0.811842331472096,"phase_003_subj_10"
"2",2,-0.19500375423344,-0.956615859025205,0.630241541852763,-0.514415886486961,"phase_003_subj_11"
"3",3,-0.336082191837178,1.51189107947002,0.751789303972172,-0.560232828846158,"phase_003_subj_13"
"4",4,-0.612106460324918,-0.0942954685983377,-0.634578818801248,-0.0918474536045435,"phase_003_subj_2"
"5",5,0.823313335368366,-0.198278033376383,-0.213445088527399,-0.886163889076949,"phase_003_subj_3"
"6",6,0.453651888459325,0.263099608448311,0.788475764946067,-0.335547995690315,"phase_003_subj_4"
"7",7,0.736465445534964,-0.124580071378606,0.504558364268305,-1.35880955482015,"phase_003_subj_6"
"8",8,-1.73733201128778,-1.11869201166186,0.108441528649953,-0.504970284010864,"phase_003_subj_8"
"9",9,0.415676356255993,-0.594441302481595,-1.65540177308657,0.863178852971381,"phase_003_subj_9"
"10",10,-0.743301755405989,0.565460344361695,0.628082833090174,-0.760524312615772,"phase_004_subj_1"
"11",11,-0.568368433321078,-0.070714057286609,-0.887311856757916,-0.112067284308747,"phase_004_subj_10"
"12",12,0.745333982955344,0.0636166917161652,-0.778542523464902,-1.90931975527201,"phase_004_subj_11"
"13",13,-1.04732385691825,0.641163926850816,0.442304315498328,-0.997015582701267,"phase_004_subj_13"
"14",14,0.999564057960073,-0.249013786603338,0.757279754803289,-0.116252117264942,"phase_004_subj_15"
"15",15,-0.572164031075624,0.257125525127683,0.503748929786331,-0.14391207227917,"phase_004_subj_16"
"16",16,0.32202626919741,0.949909297514371,0.767998109645703,0.843660716525455,"phase_004_subj_18"
"17",17,-0.297955400882055,1.21095445680837,0.762400866506465,-0.342045856203815,"phase_004_subj_2"
"18",18,-1.23301130657765,-0.260030462504933,0.0170250568361379,-1.0418396704688,"phase_004_subj_3"
"19",19,0.580021624847009,0.527336472505333,-0.302065875195216,-0.511383249111533,"phase_004_subj_5"
"20",20,-1.22588258457819,-0.637001244565112,0.612624562550509,-2.57952642892061,"phase_004_subj_8"
"21",21,-0.392311438039537,1.17213785010366,0.752615445928391,0.842597724146585,"phase_005_subj_1"
"22",22,-0.114586707894049,0.0630272078371063,0.789962220933815,-0.214053352141461,"phase_005_subj_10"
"23",23,-0.863561565450672,-0.367320979121779,-1.07954920919454,-0.794523954349644,"phase_005_subj_12"
"24",24,-0.543724694424108,0.0239266926710019,-1.75499658117071,0.528683752313935,"phase_005_subj_13"
"25",25,-0.361758932644423,0.180049119365636,-5.58556422306326,1.20752661830683,"phase_005_subj_16"
"26",26,-0.29123276651445,0.462120168390631,0.559432708604606,2.15786127832368,"phase_005_subj_18"
"27",27,0.827340762550863,0.0847142278222534,0.466408387584801,1.12981956654761,"phase_005_subj_19"
"28",28,-1.87022544966685,-0.0732823379178768,0.240486420684213,-0.797061894354961,"phase_005_subj_2"
"29",29,-0.633046965202628,-0.504655989401117,0.178197273045612,0.94059298456113,"phase_005_subj_3"
"30",30,-0.191527544655479,0.354046023604511,0.437801663775967,-0.721547978711407,"phase_005_subj_4"
"31",31,1.07922396603302,0.0791266727247277,0.417753382274971,-0.151806609975587,"phase_005_subj_5"
"32",32,-0.932312048438135,-0.757411026354466,0.145761539699164,-1.20029216021411,"phase_005_subj_7"
"33",33,-1.03300010212478,0.786031755707018,-0.224726889806151,-0.422203692191793,"phase_005_subj_9"
"34",34,-1.33147491667792,0.146622096004282,0.537080810994971,0.83863489475763,"phase_006_subj_1"
"35",35,-0.549780192330186,1.2764449194699,-0.0394872206090042,0.845678214083288,"phase_006_subj_10"
"36",36,1.39383516000425,0.899218952693891,0.784251780800826,1.13542499538836,"phase_006_subj_17"
"37",37,1.02237045430943,-1.6092083236043,-0.218991614805941,-1.36634402378963,"phase_006_subj_19"
"38",38,0.72417068918749,0.64993590933248,-0.0411707397039727,0.392788784134333,"phase_006_subj_2"
"39",39,1.20290866262101,2.05189951492304,1.01863041332448,-0.472290203561564,"phase_006_subj_22"
"40",40,1.20958514656088,-2.39474617772817,-0.343900083725375,-0.193860211868752,"phase_006_subj_23"
"41",41,-1.70981785797526,-2.11066694395519,0.247185403594877,-1.34585750042292,"phase_006_subj_24"
"42",42,0.53948562090177,0.802955810836888,0.443649012754012,1.6959531053058,"phase_006_subj_25"
"43",43,-1.76521379908342,-1.01924156847152,0.623506828461492,0.981605571371164,"phase_006_subj_4"
"44",44,0.332120344365783,-0.0257663285245703,0.368823505371813,-1.17795483633786,"phase_006_subj_5"
"45",45,0.555335065470507,-2.53474170269242,0.274708722138094,-0.928562803003374,"phase_006_subj_7"
"46",46,-0.861523309319263,0.419391502816378,-0.0801821517901314,0.904789063465658,"phase_006_subj_8"
"47",47,0.153186616304597,-1.37951436627633,0.355022266029362,1.70726720008937,"phase_007_subj_1"
"48",48,-1.18369845778995,0.138668736576952,0.834327261192598,-0.636645531212733,"phase_007_subj_10"
"49",49,0.24429646280173,-0.0193398505877351,0.184233933468415,-0.262461599706807,"phase_007_subj_11"
"50",50,0.218563699121732,-2.66307961626249,0.078530953692223,-0.592635137856909,"phase_007_subj_12"
"51",51,-0.268895259618285,0.154300365270458,0.55249602661444,-0.690575418949838,"phase_007_subj_13"
"52",52,0.617295815465811,-0.628622120779621,0.432942429196624,0.778396506879144,"phase_007_subj_16"
"53",53,1.02453348309885,-0.0616096222688741,0.764110047834256,-0.700468814177626,"phase_007_subj_17"
"54",54,0.0964556683096506,0.662174814614547,0.894792705515072,0.92593741817163,"phase_007_subj_18"
"55",55,-0.651525899488065,1.14916710699704,0.790602534839308,-1.02263665450899,"phase_007_subj_19"
"56",56,0.0725682388891356,0.0481547443744807,0.483976493735971,-1.18395245156061,"phase_007_subj_21"
"57",57,0.983802792575661,0.72014346585834,0.20126211428224,0.813868268203439,"phase_007_subj_3"
"58",58,-1.76802657473539,-1.1991043831355,0.659371633020334,1.0232577187502,"phase_007_subj_4"
"59",59,0.32069086083847,0.566341466577001,0.75615875081786,-0.109392495591295,"phase_007_subj_5"
"60",60,-0.821898932119301,-1.41651155464301,0.595793051717511,1.793232527085,"phase_007_subj_6"
"61",61,1.5704109759586,0.296360072282075,0.529328696005742,-0.535511389549181,"phase_007_subj_8"
"62",62,-0.584310980013164,-1.18802556187027,0.663112293816407,1.16035611558505,"phase_008_subj_1"
"63",63,0.271677385835289,0.17153085494192,0.250297472911633,-0.311068232724191,"phase_008_subj_10"
"64",64,-0.856048247224438,-1.37058944876684,0.583689200997931,0.861839545387322,"phase_008_subj_11"
"65",65,-1.10417593878031,-1.62787555916839,0.107589766919499,1.20350489483614,"phase_008_subj_12"
"66",66,0.805430634532755,0.71926635260935,0.630578371163392,0.949118900195563,"phase_008_subj_13"
"67",67,0.608911890845941,0.0292642228098293,0.519109374382504,0.766034036884646,"phase_008_subj_14"
"68",68,2.44870508736795,0.359894298909165,0.905207413327237,-0.257398075613133,"phase_008_subj_15"
"69",69,-0.504091920783131,0.0435830212755046,-0.182505726949569,-0.0885378978449784,"phase_008_subj_16"
"70",70,1.71812405400497,-0.891364218864516,0.935409645983321,0.953157828595884,"phase_008_subj_17"
"71",71,-0.859024770255585,-0.725251333752932,0.274593645614026,0.372054933518403,"phase_008_subj_18"
"72",72,-0.522082055212224,0.17784131222933,0.588632822412593,1.36642476649727,"phase_008_subj_19"
"73",73,-0.0723758561648347,0.799371169700185,0.456050702125273,1.36587018124467,"phase_008_subj_2"
"74",74,2.88197369514356,0.234767226064398,0.158809464175809,0.814143458057438,"phase_008_subj_20"
"75",75,-0.330150112437474,0.337721178829812,0.196247010291235,-0.587269728973659,"phase_008_subj_8"
"76",76,0.286755606972729,-0.163891805032326,0.969018292863986,-0.861291229502061,"phase_009_subj_1"
"77",77,0.230415810430381,-0.353570961847302,0.778492466648866,-0.446901663531526,"phase_009_subj_10"
"78",78,-0.550287251785588,-1.09593607025359,0.199373087483798,1.43452550439909,"phase_009_subj_11"
"79",79,-2.95396218402322,0.351696232488479,0.910196890863199,0.384642840161859,"phase_009_subj_12"
"80",80,1.5773263134976,1.36001595225856,0.434713702266758,1.24799207161294,"phase_009_subj_13"
"81",81,0.746339686312652,1.3720371529469,-2.65343795978354,0.919145402524578,"phase_009_subj_14"
"82",82,0.374090128693543,0.285995212781384,0.646003103854759,0.320337583164462,"phase_009_subj_15"
"83",83,-0.656060042298413,1.25551474970086,0.733118221167536,0.0832696705497122,"phase_009_subj_16"
"84",84,1.8657969549708,1.1167847227309,0.185155336372087,-0.0908514535715394,"phase_009_subj_18"
"85",85,-0.730564772101666,-1.15225322449849,0.582692323167202,0.725299321274728,"phase_009_subj_19"
"86",86,-0.256906654094919,-0.217627215260439,0.802112322853332,-1.71471795611951,"phase_009_subj_20"
"87",87,-1.95151644390764,0.150276209769638,0.146179332990638,-1.00712114473666,"phase_009_subj_21"
"88",88,1.50240605552134,-0.889615044385168,-1.28021502410041,-0.440670450098694,"phase_009_subj_22"
"89",89,0.268091759193073,0.173566217777183,0.443252852238061,0.219392542930713,"phase_009_subj_23"
"90",90,-0.0364190155601412,0.0630464893912841,0.577922466916333,0.444523377002048,"phase_009_subj_5"
"91",91,-0.115195760303254,1.45431649832248,-0.664073546654467,-0.271138503796292,"phase_009_subj_6"
"92",92,1.58050457911033,1.57365679781542,0.648847878508391,0.504399889112435,"phase_009_subj_7"
"93",93,0.660883816802,0.81610176189101,0.105281278743802,-0.111535785741988,"phase_009_subj_8"
"94",94,-0.414509086487805,-0.22975869891795,0.355433740948491,0.236916859188242,"phase_009_subj_9"
"95",95,0.483454661904612,0.253535843223261,-0.650484836748387,0.407370632970286,"phase_010_subj_1"
"96",96,-0.21637110535298,-0.739022917153277,0.512565091460115,-0.0572963749500207,"phase_010_subj_11"
"97",97,-1.72521376821644,-1.36646762749462,-0.0884506112279402,0.972958224225975,"phase_010_subj_12"
"98",98,0.41718384366832,-0.00753197225447961,-1.39901575613026,1.01496804207137,"phase_010_subj_13"
"99",99,0.432438657706957,0.68634373102199,-0.29410028993335,0.396002561371445,"phase_010_subj_16"
"100",100,0.485219450795723,0.318943346282279,0.769913794291077,1.48559611394155,"phase_010_subj_19"
"101",101,-1.66756077583915,-1.01556394196286,-0.649426638773586,-0.335383130329252,"phase_010_subj_2"
"102",102,0.370842363679129,0.375656206404272,-0.250214606897353,-0.655605427822451,"phase_010_subj_20"
"103",103,-0.025637849384771,0.630884407329586,-0.0407164722595325,-0.277556773447732,"phase_010_subj_21"
"104",104,-0.880861830876945,-1.07539306091439,-0.0961830679463753,0.676586440978588,"phase_010_subj_22"
"105",105,-0.306990715869059,-0.0624882609889345,0.292309867448781,-1.69099543243703,"phase_010_subj_24"
"106",106,-0.722130517172458,0.434921030288746,0.635916795374154,-1.86726591217971,"phase_010_subj_3"
"107",107,0.999371415745853,-0.112386199916496,0.308271280265734,0.306152767178095,"phase_010_subj_6"
"108",108,0.465098577018921,0.677131151915933,0.586050176417977,2.0091163442348,"phase_010_subj_7"
"109",109,-0.590490277870753,-0.504394361097195,0.381618843492936,0.597077311914595,"phase_010_subj_9"
"110",110,0.367019175680438,-0.186083038285608,0.747832871454121,-0.610023593587367,"phase_011_subj_1"
"111",111,0.313582007313555,0.254019374589295,-0.139152828116027,-0.406277581546991,"phase_011_subj_10"
"112",112,0.626958851280695,0.191735028003525,0.415247134379679,1.3094800855176,"phase_011_subj_13"
"113",113,1.15071190377835,-0.129228086884856,-1.12927231613408,-0.862278344649231,"phase_011_subj_14"
"114",114,-1.21258592844133,-1.62408247936781,-1.28716877774891,-1.38548689618896,"phase_011_subj_16"
"115",115,0.71483698369555,1.49626790222843,0.878590525341044,1.65423313092849,"phase_011_subj_17"
"116",116,-0.615847976784117,0.393435532122851,0.179630215822913,0.355028472530107,"phase_011_subj_18"
"117",117,-0.038306407073403,-0.526108891822903,-0.00674720543579442,-0.101974380313327,"phase_011_subj_19"
"118",118,-3.08537680451098,0.542808825521806,-0.261070009462306,-0.118634949658444,"phase_011_subj_2"
"119",119,0.664406638771377,1.62319159883107,-0.0536121571605382,-0.400147295117492,"phase_011_subj_20"
"120",120,0.999790000579468,0.78864067179857,0.76604397676941,-0.440874307994058,"phase_011_subj_22"
"121",121,0.268998986368882,0.00740451716535838,0.01700272689329,-0.142441483603451,"phase_011_subj_23"
"122",122,-1.25978183934949,-0.780028254300959,-0.00428954869221055,-1.45457054324263,"phase_011_subj_24"
"123",123,1.3804711798847,-2.2160063152178,0.636645160425425,0.524186513260114,"phase_011_subj_25"
"124",124,-0.933570513702952,-0.185669959251883,0.713974651997973,-0.652452205508651,"phase_011_subj_3"
"125",125,1.50094680288026,1.86368426927225,0.831061135576178,1.04952022062994,"phase_011_subj_4"
"126",126,-2.43644674204915,-0.604585454638319,0.793946530432915,0.472863519038815,"phase_011_subj_5"
"127",127,0.853623599967456,0.0396019887386768,0.725385250982772,0.586761948744717,"phase_011_subj_6"
"128",128,0.866140246975584,-1.03804237219151,0.403054896811472,0.6379172732868,"phase_011_subj_7"
"129",129,1.5451492046171,1.73243714344578,1.01252189249056,-0.273335080701305,"phase_011_subj_8"
"130",130,0.259072141672149,0.0839269542865027,0.219394281651477,-1.43093707945798,"phase_011_subj_9"
"131",131,-0.474370164448485,-0.0216334669831315,0.599893524062352,0.424541712997257,"phase_012_subj_10"
"132",132,-1.18561977722688,-1.12025708909376,0.0110612902313799,-0.0156381982365338,"phase_012_subj_11"
"133",133,-1.73440361187822,-0.0376950277697598,-0.0620934703902497,-0.708734666857786,"phase_012_subj_12"
"134",134,-2.75253678626362,0.581795689879469,-0.0755902580094057,-0.350381945073381,"phase_012_subj_13"
"135",135,1.46725106275518,-0.455093491223675,0.884427403638706,-0.72424703219976,"phase_012_subj_14"
"136",136,-0.40251089836818,0.379005319180245,0.326347510266311,-0.123266023980852,"phase_012_subj_15"
"137",137,0.302078336785014,0.245624911730415,0.769899875369888,-0.813705337935381,"phase_012_subj_16"
"138",138,-0.880184871972565,-0.777337447175245,0.829241341120764,-0.0372940555340457,"phase_012_subj_17"
"139",139,0.650419334427568,0.810625528822089,0.445139817081793,-0.320634241287793,"phase_012_subj_2"
"140",140,-0.703494211331201,0.633267201521389,-2.01684826720921,1.22242658182727,"phase_012_subj_20"
"141",141,1.8383319227202,1.74754026350324,0.594947602036129,2.23377327584234,"phase_012_subj_21"
"142",142,-1.13511948928355,-0.121920891395325,-0.362001741551539,0.0496739743224308,"phase_012_subj_3"
"143",143,-0.310125633558332,-1.11593291039144,0.378661538493199,-0.0698677604479743,"phase_012_subj_4"
"144",144,0.932025465105142,0.398217640795796,-0.279067401206431,0.328249462132981,"phase_012_subj_5"
"145",145,-0.264278728100645,0.578321498762489,-0.0846348629421926,-0.222510427688939,"phase_012_subj_6"
"146",146,-0.938828956332668,0.196277183571208,0.432595673147813,0.733873352558167,"phase_012_subj_7"
"147",147,0.489678459042691,-1.57190976191948,0.912714391471507,-0.425509181956284,"phase_012_subj_8"
"148",148,-1.216174252181,-0.951050293808052,-1.79996208600961,-0.819294977829014,"phase_013_subj_10"
"149",149,-0.0585346266913914,-0.0112202772478138,-1.95503525644962,0.864660006881189,"phase_013_subj_11"
"150",150,-0.0375812351641514,-0.329474572611467,0.677681919680547,-0.96833712772876,"phase_013_subj_13"
"151",151,0.870403806878974,1.33271049641947,0.292706745241969,-2.51676473524541,"phase_013_subj_17"
"152",152,-0.505216155545242,1.33768517476322,0.654470847034636,0.352549437911173,"phase_013_subj_18"
"153",153,0.108891445399416,-0.536115567120427,0.270655016038061,1.2167864027518,"phase_013_subj_19"
"154",154,-1.89630207612204,1.34852401550762,-0.33049413925229,-0.00108779974866793,"phase_013_subj_2"
"155",155,0.481406526486809,-0.222697514836833,0.733622104340533,0.282975828014973,"phase_013_subj_21"
"156",156,0.559717339969554,-1.97396972954789,0.306660174740872,-1.03351719921591,"phase_013_subj_22"
"157",157,-0.585102194874057,-0.405717901700115,-2.8970855006391,-0.798917609025694,"phase_013_subj_23"
"158",158,0.15831293913469,0.826648982445334,0.51505893106584,-0.0707727525573504,"phase_013_subj_25"
"159",159,1.38410458626672,0.0787652366620699,-0.729365930502088,0.667777712182492,"phase_013_subj_26"
"160",160,-0.223862114068938,0.320004855559448,0.509235901928765,0.0378961470912563,"phase_013_subj_27"
"161",161,0.270357798052028,0.257259555404636,0.48078224034013,-0.41345951877919,"phase_013_subj_28"
"162",162,-0.347740523004702,-1.22563665433732,-0.567797629125376,-0.651884476269884,"phase_013_subj_29"
"163",163,-0.707907473536475,-0.338350301368257,-0.545069832755308,-1.48064108113385,"phase_013_subj_30"
"164",164,-0.944448268941179,1.56766593401102,0.0708681087202408,-0.565140506532968,"phase_013_subj_31"
"165",165,-1.28423782526024,-2.10370741056203,0.228669876910938,-1.25023919644895,"phase_013_subj_32"
"166",166,-0.80544629157266,-1.18288883341066,-2.73039747236894,1.04074919753307,"phase_013_subj_33"
"167",167,-1.38303427190824,-2.11568393112292,0.761961362254138,-0.700012552921566,"phase_013_subj_4"
"168",168,-1.06257157012757,-0.063552683452905,0.592126415818983,0.837178603314624,"phase_013_subj_5"
"169",169,0.121270125754999,0.263599610300635,-1.59734326225244,0.00532164412360567,"phase_013_subj_6"
"170",170,-0.498238016119227,-0.204835442506858,-0.344686712516151,-0.757727435948091,"phase_013_subj_7"
"171",171,-0.423536463067025,1.69015806548254,0.661222175911884,0.58457095962286,"phase_013_subj_8"
"172",172,0.303875731622833,-0.414250437828905,0.943533480408351,1.07119295616215,"phase_013_subj_9"
"173",173,-0.890487855815383,0.182774374494211,0.636735532174593,0.282250386185764,"phase_014_subj_10"
"174",174,-0.657923458976902,-0.108865926905101,-2.16027187389947,-0.000306375474900714,"phase_014_subj_11"
"175",175,0.872629668351511,-0.207678766700486,0.509232429877579,2.23228329699304,"phase_014_subj_12"
"176",176,0.0463567092988702,0.461543356115152,0.6273874855198,0.931465915660703,"phase_014_subj_13"
"177",177,-0.255669355566819,1.59658823793385,0.110826762258909,-0.371657796736717,"phase_014_subj_16"
"178",178,-0.738160760335592,-0.597398627825222,0.350875059590159,-1.29139883812664,"phase_014_subj_17"
"179",179,0.309903041479683,-0.732936376717659,0.813045764508809,0.713373011892492,"phase_014_subj_18"
"180",180,-1.80413982103056,0.895114310079172,-0.437020394441844,0.4755625959644,"phase_014_subj_19"
"181",181,-0.0225347884269089,-0.700593332454749,0.432935172641749,-0.22086076612634,"phase_014_subj_21"
"182",182,-0.62983897538721,0.00109661142809909,0.280027379828366,0.299281487547406,"phase_014_subj_23"
"183",183,-1.58973300263098,-0.564567951789125,0.683437210483134,0.126898402621057,"phase_014_subj_27"
"184",184,0.15017679183585,1.62655931520935,0.982785526324575,1.880281917512,"phase_014_subj_29"
"185",185,-1.62420654283421,-0.27520181224852,-1.89259892351998,-1.51414352936342,"phase_014_subj_31"
"186",186,0.544432234875932,0.488813987307177,0.820801295364904,0.518705993981748,"phase_014_subj_32"
"187",187,1.37841484194124,0.689061755270393,0.65434350476278,-0.0185589829632054,"phase_014_subj_33"
"188",188,2.22235713669695,0.652937603519058,0.121695234110144,0.993029948268443,"phase_014_subj_34"
"189",189,0.597486120865166,-1.13878517930138,0.141778818071486,-1.84980789025427,"phase_014_subj_36"
"190",190,-0.0978221621543274,0.348750910017977,0.612650298470671,0.446196953214184,"phase_014_subj_37"
"191",191,0.552520352120069,0.00339607525582391,0.775445468652313,1.49085769070226,"phase_014_subj_39"
"192",192,-0.130163809157335,0.286946754099733,-1.58541714466174,-1.44420204366714,"phase_014_subj_4"
"193",193,-0.441861418145555,1.73439787878594,0.61103073282321,-0.432250303825204,"phase_014_subj_40"
"194",194,1.05375814827593,-0.161868078657804,0.769243619392945,0.859699955890189,"phase_014_subj_41"
"195",195,-0.800326276286219,-1.55952841117699,0.196014552610307,-1.49221789223268,"phase_014_subj_42"
"196",196,1.75943243804558,-0.353698512640381,0.682588544679337,-0.713847793887842,"phase_014_subj_45"
"197",197,-0.646753124469338,-0.239989916756178,0.564461776277466,0.575010134331528,"phase_014_subj_48"
"198",198,0.456080345223222,0.0332705444346555,0.108876757862626,0.00990239682859168,"phase_014_subj_5"
"199",199,-0.288236158103109,-0.815780180664955,0.601764544803109,-2.35757287088553,"phase_014_subj_50"
"200",200,0.703577616894219,0.341637136884424,0.407260112957095,0.414466201484008,"phase_014_subj_51"
"201",201,-0.925048305298824,-0.41399584260718,-0.121825781743867,-0.633979046152635,"phase_014_subj_53"
"202",202,-0.790962788250455,0.546657168187804,-1.31122382788468,0.909783330761073,"phase_014_subj_55"
"203",203,2.02388293622843,1.19825937598789,-1.73260450771847,1.03541113147823,"phase_014_subj_59"
"204",204,1.25779678610433,-1.17769550984949,0.599893957625925,0.295247657253217,"phase_014_subj_61"
"205",205,-1.19282547433478,0.92055225478286,0.942253772447641,-0.878191091764557,"phase_014_subj_8"
"206",206,2.30984064064084,1.00488572836727,0.138348360011517,0.0606575382981666,"phase_014_subj_9"
"207",207,-0.995983065168563,-1.31216121122408,-3.32814199442799,-0.365120846497139,"phase_015_subj_1"
"208",208,-1.30280447816048,-0.242161302205871,0.570626957077608,-0.880571809016412,"phase_015_subj_10"
"209",209,-1.00966842174929,-1.12785521328374,0.73406463629335,-0.215397349425966,"phase_015_subj_11"
"210",210,1.2361755078186,-0.206801051532469,0.700896427566534,-1.78230486212615,"phase_015_subj_12"
"211",211,0.496090684017275,1.06100735087405,0.651757602472292,1.31802020563377,"phase_015_subj_15"
"212",212,0.144822451601012,0.785016528158386,-1.61622719847174,0.0626041268210331,"phase_015_subj_16"
"213",213,0.89682964896504,-0.160633053430606,0.766411937665189,-1.51897845790616,"phase_015_subj_17"
"214",214,0.227948112540554,0.26891814074074,-0.742668878340352,0.33956484061832,"phase_015_subj_18"
"215",215,0.718537152338212,0.306112003240539,0.212292367566435,0.360541010507821,"phase_015_subj_19"
"216",216,1.00039537014944,0.2873156952993,0.287679062640259,0.579249117933836,"phase_015_subj_2"
"217",217,-1.34262449718539,0.335096079790467,-0.28829873698136,1.16017852162389,"phase_015_subj_20"
"218",218,-0.692836604517943,0.214975970349987,0.582165148507161,-0.183087098965334,"phase_015_subj_21"
"219",219,1.2938340936405,-0.675227751081317,0.952934639028477,-0.737760929875783,"phase_015_subj_22"
"220",220,-1.64227492855166,-0.462884628624036,0.924305825087263,-1.67778730627647,"phase_015_subj_23"
"221",221,-0.960495892510632,-0.756559600606712,-1.25623262776642,-0.998450713476717,"phase_015_subj_24"
"222",222,0.48850665332617,-1.59221251575234,-2.13454088895124,-0.576390629951781,"phase_015_subj_25"
"223",223,0.828073638402068,-1.20811608039534,-0.0303587496712642,0.715071643695558,"phase_015_subj_26"
"224",224,0.415216444342916,-0.340582992059286,-0.768605797847037,-0.281496610649892,"phase_015_subj_27"
"225",225,-0.907121762357123,-0.27813712991399,0.457496520691502,-0.186019385016426,"phase_015_subj_28"
"226",226,0.92355708253767,0.0769463162547384,-0.198005031929003,0.650113895510524,"phase_015_subj_29"
"227",227,0.842861922125887,0.347520929081531,-3.92407211623476,-1.63784096355571,"phase_015_subj_3"
"228",228,0.161367187752022,-0.00785143467367683,-0.261772061454158,1.77582996152615,"phase_015_subj_30"
"229",229,-0.70453114314175,-0.401045827852718,-0.806212650370175,-0.269267645202385,"phase_015_subj_31"
"230",230,-0.394768877030401,0.172384287593163,0.511625355772717,1.71324254937394,"phase_015_subj_32"
"231",231,0.118416378932389,0.252518734887768,0.175707873857134,0.804749619730141,"phase_015_subj_33"
"232",232,-0.254170430364726,-0.542346319586636,0.594449846276468,0.328034332229952,"phase_015_subj_34"
"233",233,-0.971269482029768,0.715966893343109,-3.59371900986891,-1.34163507573142,"phase_015_subj_35"
"234",234,0.239464299775785,-1.35870818488795,0.706721698735275,1.64544003342076,"phase_015_subj_38"
"235",235,0.776937799487443,0.158904385155883,-0.312470971685626,0.961136503974449,"phase_015_subj_39"
"236",236,-0.527131002650246,0.0359644303496292,0.216474618612038,0.329840425211988,"phase_015_subj_4"
"237",237,0.463144644819018,0.488935777277715,-0.153336585574053,0.535635453985489,"phase_015_subj_40"
"238",238,-0.371849563977602,-0.284984530806018,-0.350881583141846,-0.536720092872539,"phase_015_subj_42"
"239",239,-1.63774186042632,-0.062421497365058,-0.34096388966663,-0.810275757331939,"phase_015_subj_43"
"240",240,-0.277078219826769,-0.855212549237276,0.532384179174705,-0.782009606772485,"phase_015_subj_47"
"241",241,-0.480044185241947,-0.0679030019717688,-0.45070101786142,0.320570734740957,"phase_015_subj_48"
"242",242,-1.55884532239134,0.39952242460652,0.768632531800392,1.10022707249818,"phase_015_subj_49"
"243",243,-0.25758377654297,-0.434979002869101,0.264566997738744,0.258089278080564,"phase_015_subj_5"
"244",244,1.0073970716597,-0.13307344406716,0.618825445773461,0.327386228197669,"phase_015_subj_6"
"245",245,-0.901351364698484,0.33820334591392,0.626352119123544,0.0690535649258388,"phase_015_subj_7"
"246",246,-0.266590916161472,0.693257259347331,-1.53138015464291,0.476606822931123,"phase_015_subj_9"
"247",247,0.659333856071158,-1.77657272179542,-1.84502078591338,0.337736835842969,"phase_016_subj_1"
"248",248,1.04698436972203,0.0904339013316739,0.0428058039128121,-0.276556294132974,"phase_016_subj_10"
"249",249,-0.157820023331184,0.187689486849124,0.750785048696027,-0.661447982361155,"phase_016_subj_11"
"250",250,0.577848326114385,0.731039524262932,0.707869689095497,0.445139478343223,"phase_016_subj_13"
"251",251,0.533397350466637,-1.04813055649154,0.222849345800223,-0.919276477982552,"phase_016_subj_16"
"252",252,-0.502158958055292,-0.889377791552462,-0.602429388726841,-0.502434584502124,"phase_016_subj_2"
"253",253,-0.109022486054623,-0.564570657590883,0.435226309640549,-2.38633421343215,"phase_016_subj_20"
"254",254,0.0431101627533762,0.48555514668254,0.815968289761787,-0.677602296859765,"phase_016_subj_24"
"255",255,-1.43421318975969,-2.501940756162,-2.23015638765996,-1.17935427907497,"phase_016_subj_25"
"256",256,1.03302951624972,-0.887820185159982,0.104420566188727,-0.212853011224298,"phase_016_subj_29"
"257",257,0.822334543859478,1.28309156236248,-1.1859517550163,0.812633625444819,"phase_016_subj_30"
"258",258,1.19224050109991,-0.199884056587706,0.838689193013069,-1.70434144983713,"phase_016_subj_31"
"259",259,0.252096173400636,-0.144213929794537,0.158329403737427,-0.0993197840407082,"phase_016_subj_32"
"260",260,-2.28289389114711,0.32899011323446,0.568708019505564,0.770016723328371,"phase_016_subj_33"
"261",261,-0.305244817756536,-0.422410188317383,-0.064584971086261,0.163554937017276,"phase_016_subj_34"
"262",262,-0.450170652647172,1.31999643820503,-5.21055145810091,0.822405235978874,"phase_016_subj_35"
"263",263,-0.598574977037231,0.335930863504223,0.704731363378094,-0.1182139674044,"phase_016_subj_36"
"264",264,-1.08238095390564,-0.375485896428177,0.0136188910770022,0.194618904839593,"phase_016_subj_38"
"265",265,-0.106549553426729,-0.324814548632101,0.691664090184203,0.400265738142424,"phase_016_subj_4"
"266",266,2.05196553879509,1.20356109499303,0.566843782078877,0.727215052293241,"phase_016_subj_40"
"267",267,3.23099015678264,-0.0457718802332823,0.460095684087296,-0.19003090579774,"phase_016_subj_43"
"268",268,1.58679482718981,-1.27906733789952,-3.20704143091552,0.447151122780097,"phase_016_subj_44"
"269",269,2.54500316666508,0.506949349865382,0.632512374114962,0.837088374015085,"phase_016_subj_45"
"270",270,0.417973688472227,0.0458868386839754,0.654536250435075,-3.1128371666159,"phase_016_subj_48"
"271",271,0.397691381043747,0.619929657781801,0.343871733499711,1.42136841098341,"phase_016_subj_49"
"272",272,-1.06334524240172,-0.572286352469522,0.428082601529911,0.113688344129669,"phase_016_subj_5"
"273",273,1.1518681273422,-0.777289077778931,0.540344538999908,-1.43091449507358,"phase_016_subj_50"
"274",274,0.387262905534098,1.69846613810437,-0.302751668015492,0.00600753956122679,"phase_016_subj_51"
"275",275,-0.145472779017489,-2.0153780467603,0.345527162850395,-0.79286741927212,"phase_016_subj_52"
"276",276,-0.0551923432753528,-2.69412938810641,-2.6502484488014,-1.50119558852065,"phase_016_subj_53"
"277",277,1.54304955501251,0.126712261330244,-1.44178597663249,-0.156287305693637,"phase_016_subj_54"
"278",278,1.36699620402162,1.04240413043526,0.376241321209527,-0.156706205803185,"phase_016_subj_55"
"279",279,-0.510443330327195,-1.84659668541078,-1.84931290795835,1.23182227647002,"phase_016_subj_56"
"280",280,1.36176716045997,0.421188132174072,-0.617360323574356,0.848224771985175,"phase_016_subj_58"
"281",281,1.57448498174326,-2.27431891994535,0.57265591796147,-1.26971802468226,"phase_016_subj_59"
"282",282,-0.0972106961604431,-0.69551081716874,0.392153257261608,-0.0504274544357134,"phase_016_subj_6"
"283",283,0.580425238189741,0.31292235026392,0.670579010464229,0.0140401123437446,"phase_016_subj_60"
"284",284,1.0904255723283,0.166218859737962,-0.194425719788075,0.382182958033645,"phase_016_subj_66"
"285",285,0.90136698071569,1.22999031285742,0.830322991768137,0.833384067622203,"phase_016_subj_68"
"286",286,0.432878571754569,-0.28263054510255,-0.218484717386457,0.180883492620432,"phase_016_subj_69"
"287",287,1.28448392967446,-0.356045477264495,0.488680865332162,0.762732426793633,"phase_016_subj_71"
"288",288,-1.0908765546571,-1.47717063733877,0.883763563539631,-0.138057758953481,"phase_016_subj_73"
"289",289,0.382484814812088,0.880713410637701,0.790603676278887,-0.621957429480647,"phase_016_subj_74"
"290",290,-1.56604179983765,-0.220817292262944,0.199929339950162,0.317590464295018,"phase_016_subj_79"
"291",291,-1.25736589990395,-0.815782219986361,0.715762321786162,-0.861968384000118,"phase_016_subj_8"
"292",292,-0.0282109632662131,-1.79444595522409,-1.0726684538148,0.44641317487173,"phase_016_subj_81"
"293",293,0.489108595465523,0.143110667439354,0.442271105800222,0.929750946417146,"phase_016_subj_82"
"294",294,1.3449920416574,1.74479883155753,0.852458533332835,1.84609583082956,"phase_016_subj_84"
"295",295,0.592619647216065,2.36058442267731,-1.03052382444236,0.858104000325092,"phase_016_subj_85"
"296",296,0.308758607631543,0.869145011402924,0.603507253203818,1.93277479013416,"phase_016_subj_86"
"297",297,1.10314587711876,-0.336334972457697,-0.120696868421453,-0.820293140474647,"phase_016_subj_9"
"298",298,-0.688873604827004,-0.977822175293097,0.648259029001651,-1.60320772502555,"phase_017_subj_1"
"299",299,-0.687327974938582,0.0301606777188126,-0.251788612574181,-0.356531120304017,"phase_017_subj_10"
"300",300,0.212985405894298,0.0123402661753898,0.381952678422819,0.0148142333141128,"phase_017_subj_100"
"301",301,-1.0617698320602,-1.70191382834115,-1.56123409624087,0.264446526209161,"phase_017_subj_101"
"302",302,-1.32888278123092,-0.733593861484357,-0.223987822240146,0.113970426948633,"phase_017_subj_102"
"303",303,1.06595136190411,-0.309041793664641,0.615510137522973,-0.826540860179222,"phase_017_subj_103"
"304",304,-0.0786471686990358,-1.95167246838225,-1.25219633213873,-1.42612212532144,"phase_017_subj_104"
"305",305,-0.772589439174879,0.210345667274879,-0.749211690846946,-1.64667319961384,"phase_017_subj_106"
"306",306,-1.58517712455589,0.665435247899289,0.0753692032463659,0.54009828944004,"phase_017_subj_108"
"307",307,0.158561643478407,0.93378681660487,-1.47253720912286,1.74531236392786,"phase_017_subj_111"
"308",308,0.532610327709722,0.267038172119315,0.3657461476616,-0.0959377162248492,"phase_017_subj_113"
"309",309,-1.26763341422491,0.500656880849819,-0.627593834322798,0.677750841099137,"phase_017_subj_114"
"310",310,1.95844582830203,-1.64603336315764,-0.911606517884511,-0.458055367289573,"phase_017_subj_115"
"311",311,0.305530873713025,2.43628593238924,0.0946941085969197,-0.52892504209048,"phase_017_subj_117"
"312",312,-0.447853621070923,-0.982782176761021,-1.50505316696996,-0.877948483698334,"phase_017_subj_120"
"313",313,1.22196115073508,2.85251583705594,0.767339316239467,0.116531759304959,"phase_017_subj_122"
"314",314,0.239976747020462,-0.251240489917953,0.393682721623624,-0.303125252179906,"phase_017_subj_123"
"315",315,0.665847185452012,1.65686429265141,0.434174231455756,1.27735557975425,"phase_017_subj_124"
"316",316,-1.12458223413884,-0.718160586470965,-0.99150475982268,-0.940627098741956,"phase_017_subj_125"
"317",317,-0.486206293187444,-1.10239243210475,-1.2792633482066,-1.33750385689359,"phase_017_subj_127"
"318",318,-1.37722890977688,-1.03648305455458,0.387981884779623,-1.01661502795878,"phase_017_subj_128"
"319",319,-0.309158713966391,-0.489199695846736,0.646442018900619,0.0256141780648097,"phase_017_subj_13"
"320",320,1.21366104797039,-1.67852615662216,-4.50823464834266,0.55625588477461,"phase_017_subj_130"
"321",321,1.62452606646254,1.94253791990642,0.759519375666268,1.11571262194693,"phase_017_subj_132"
"322",322,0.582525365637444,-0.509147089740876,0.962748593772578,0.381193613076701,"phase_017_subj_133"
"323",323,0.543121519438722,0.925940918943727,0.989382908975039,2.19958472734199,"phase_017_subj_134"
"324",324,-1.42587206593225,-0.954006563127492,0.538985635302446,0.079817918035822,"phase_017_subj_135"
"325",325,-0.0797523658644303,0.674756097664475,0.451683466572776,-0.40104811925976,"phase_017_subj_136"
"326",326,0.530340470107394,0.0492847759045655,0.193999163360285,-0.664272959783684,"phase_017_subj_14"
"327",327,0.868691207276768,-0.347191076740382,0.103137775992599,-2.11809607879585,"phase_017_subj_141"
"328",328,0.298750427877231,1.05120313544048,0.80036382879075,-0.844473254030881,"phase_017_subj_142"
"329",329,0.599123289756824,-0.173387651396247,0.621298474390153,-0.00391381197832617,"phase_017_subj_144"
"330",330,-0.0579407161772107,0.0614123972859435,-1.07467159851336,-0.724629641565137,"phase_017_subj_145"
"331",331,0.506765415119744,-0.637764849942894,0.544274493952212,0.581200786098042,"phase_017_subj_149"
"332",332,-0.328688312357919,0.00523463129838137,-0.52428633204806,-0.897888236673452,"phase_017_subj_152"
"333",333,-0.0885906702604671,2.07740858213775,0.327999222837366,1.9173561672233,"phase_017_subj_153"
"334",334,0.492174898147679,0.525537977330937,-0.21748525775532,-0.112312279292828,"phase_017_subj_154"
"335",335,0.764642982254405,-0.14541086476491,-0.389895395851208,-0.895849160231391,"phase_017_subj_156"
"336",336,2.07391851592923,-3.36272416501195,0.554655988907601,-1.40117940331714,"phase_017_subj_157"
"337",337,1.40559042221067,-2.46195001438109,-0.330468076319395,0.944493099025043,"phase_017_subj_158"
"338",338,0.771876304479464,-0.178507847720131,-0.670787598342517,-1.46805980224839,"phase_017_subj_159"
"339",339,0.583367823113071,-0.321854650628235,0.82425661937379,-0.164155122420782,"phase_017_subj_16"
"340",340,-0.774074912432813,0.748340530816173,0.603461090888041,0.277368790928988,"phase_017_subj_160"
"341",341,-1.41674181713605,-1.05002144523111,-2.06755119330484,-2.46929131460438,"phase_017_subj_161"
"342",342,-0.196239563766608,-1.43382918736643,0.0885671392146356,1.29743259971734,"phase_017_subj_163"
"343",343,0.469620319563281,0.117651474154508,-6.11142775603366,1.81488660396743,"phase_017_subj_167"
"344",344,-0.0105252818927123,1.43110539129154,0.910839288183472,1.26736521564428,"phase_017_subj_168"
"345",345,-1.22833952489925,1.94927585534815,-0.657341528516238,0.658026815072386,"phase_017_subj_19"
"346",346,-1.19133219789447,2.97945400653426,0.211623638342565,1.50830994928018,"phase_017_subj_2"
"347",347,0.0207699957385072,1.61756956766555,0.993557789731311,0.470307306128987,"phase_017_subj_21"
"348",348,0.885725488985503,0.847486236380575,0.789996228662275,3.10752544274157,"phase_017_subj_22"
"349",349,0.264185028853168,0.271864449962312,0.0830685034269175,-1.20166951123626,"phase_017_subj_23"
"350",350,-0.632153048114952,-0.728399914011543,0.512060799989768,0.278636734414224,"phase_017_subj_24"
"351",351,0.353492634370242,-0.0298283194945201,0.323576861768629,-0.196701517288881,"phase_017_subj_27"
"352",352,-0.416961929619386,0.804063512719143,-0.470595807181884,0.864902099209577,"phase_017_subj_29"
"353",353,-0.142782659100906,0.547136800952025,-2.31279091134313,1.30019617013096,"phase_017_subj_3"
"354",354,-1.41781892446124,2.56005301254779,1.02702195561045,-0.730098413063464,"phase_017_subj_30"
"355",355,0.426187364991998,-0.519699285493857,-0.996303604274744,0.225601414982001,"phase_017_subj_31"
"356",356,0.430970786441689,0.460954726424526,0.887416183252924,1.7429078321964,"phase_017_subj_32"
"357",357,-0.277895613877868,0.790547619114356,0.748074683532882,-0.367399792510513,"phase_017_subj_33"
"358",358,-0.0753448035398311,-0.383386330593007,0.643870613618672,-0.301420533374189,"phase_017_subj_34"
"359",359,0.419915626817077,-0.651353417016407,0.529403723182622,-1.39913990698821,"phase_017_subj_36"
"360",360,-0.911984499745679,-0.647185810455301,-1.14437538370325,-0.599537700405855,"phase_017_subj_38"
"361",361,-0.123267352464795,-1.15451696907757,0.170716375587385,-1.2674714188645,"phase_017_subj_4"
"362",362,-1.62065618565118,-1.1174542371558,-1.64105075792616,-2.12363854088596,"phase_017_subj_40"
"363",363,-1.19862110431618,0.823613214430378,0.32758532933893,1.0001490704862,"phase_017_subj_41"
"364",364,0.0760727816191357,0.58469684708573,-0.634041579663314,0.423684068310039,"phase_017_subj_43"
"365",365,-0.483944114341904,-1.09818199964003,-0.676772406537368,-1.57031341575528,"phase_017_subj_46"
"366",366,-1.2232524456311,-1.0151879458517,-0.910798476518945,1.14712852552543,"phase_017_subj_47"
"367",367,-0.766426252134144,1.6518964548211,0.747338847309598,0.4567931919617,"phase_017_subj_49"
"368",368,1.83398944338923,0.920940055529226,0.339172335511054,-0.0258032233496086,"phase_017_subj_5"
"369",369,-1.38652242035129,-2.22416104973042,0.494106340265504,-0.796080674857007,"phase_017_subj_51"
"370",370,1.50583132295468,0.948355695481133,0.648605635443425,0.337221304187681,"phase_017_subj_53"
"371",371,-0.383821650026307,-0.86611759025939,0.419355835462403,0.191993173881904,"phase_017_subj_54"
"372",372,3.06034075334981,0.335026784238035,0.975907763858912,0.0282517756759087,"phase_017_subj_56"
"373",373,-0.974058698923292,-0.506787734907618,-0.566381245616526,-0.732535591700998,"phase_017_subj_58"
"374",374,-1.18442115678796,-0.736587238937869,-0.853440532758482,-3.77468479002415,"phase_017_subj_6"
"375",375,0.057900576605546,0.0943109731143431,0.0566346473175497,0.89176921025654,"phase_017_subj_60"
"376",376,-0.962523138262511,-1.24233294968785,-1.08362483923697,-0.0058210389419008,"phase_017_subj_61"
"377",377,0.395378110258449,0.954474064052367,0.400281880035846,-0.664698047181925,"phase_017_subj_62"
"378",378,-1.05798106736713,-1.64296549116463,0.807774406746196,-1.17284962417812,"phase_017_subj_63"
"379",379,0.812137500036718,-0.841933918715795,-0.822873540677304,1.3349421020291,"phase_017_subj_67"
"380",380,0.983830423127698,1.02905563819013,0.0772937339821111,-0.0748689509396128,"phase_017_subj_68"
"381",381,-1.3786784052247,0.400489525622328,0.0766861604692348,-0.0727036480645175,"phase_017_subj_69"
"382",382,0.777174817705246,-0.173269459359967,0.794387219191149,-0.454674301738178,"phase_017_subj_7"
"383",383,0.361562234860616,1.02893944604825,0.32176014557564,0.140176172904519,"phase_017_subj_70"
"384",384,-1.23540949928766,0.805938447896807,-0.257068743491787,-0.0301289684141241,"phase_017_subj_71"
"385",385,-0.369832868503373,0.00169503002448573,0.654031952014761,-0.90524797613553,"phase_017_subj_75"
"386",386,1.18801911162885,0.367495250501489,0.296786289821253,-0.419648769560089,"phase_017_subj_77"
"387",387,-0.123496306053271,-0.628258880675472,-0.129665352686807,0.0799856997550902,"phase_017_subj_78"
"388",388,-1.21713206489902,1.15321381490733,0.423928233838185,0.918879246344531,"phase_017_subj_79"
"389",389,1.12147281826777,1.04632311233434,0.184823127826496,1.28925605045097,"phase_017_subj_8"
"390",390,-0.814194292932716,-1.33134772699681,-1.33601476778446,-0.804917288980165,"phase_017_subj_82"
"391",391,0.0376890437739461,0.387706044168847,0.237215546968132,2.13890680523597,"phase_017_subj_84"
"392",392,0.252125926775165,-0.604295892127137,0.358502480141701,-1.91722331631359,"phase_017_subj_86"
"393",393,0.282614068138436,-1.15860031482642,0.0873853329297428,1.16473407231507,"phase_017_subj_87"
"394",394,-0.00429904668093779,0.248152160724203,0.586125370574733,-0.108642619564325,"phase_017_subj_89"
"395",395,0.256818306227041,-1.31992073613624,0.597685171870683,-0.416553673610802,"phase_017_subj_90"
"396",396,-0.109393769265073,-1.1604193568821,0.285734198996653,-1.58550583988222,"phase_017_subj_91"
"397",397,1.24116661401307,-0.724168787976646,0.298890347581574,-0.3370715174669,"phase_017_subj_93"
"398",398,1.28372971756304,0.703712336604991,0.427001485004499,0.0108777181987155,"phase_017_subj_94"
"399",399,0.528232640761476,1.4768673482857,0.951270345309662,-0.34731577917976,"phase_017_subj_95"
"400",400,-0.581299711044837,-0.583145513331934,0.620210975112867,-2.76336616959743,"phase_017_subj_97"
"401",401,2.19590327396034,0.850732387955735,0.503300016867497,2.06356980516206,"phase_017_subj_99"
"402",402,0.00507531024415953,-2.17615360901407,0.830564500608174,-0.40596835380287,"phase_018_subj_101"
"403",403,-0.273275719571514,1.28621474349692,0.345071019294249,2.43344658967113,"phase_018_subj_103"
"404",404,0.707405572260406,0.419310040796565,0.604506523260797,-2.04496798304643,"phase_018_subj_104"
"405",405,-0.546652602363265,-0.0813706278100026,0.502628131969654,1.15088832141308,"phase_018_subj_11"
"406",406,0.405522379012086,0.609138308048092,0.588742462063005,0.721556423179013,"phase_018_subj_13"
"407",407,-1.00363845065472,-0.396250459711421,0.536217338056864,-0.136022032361074,"phase_018_subj_15"
"408",408,0.149852815316955,0.934921682417231,0.385505356354578,0.355300213537804,"phase_018_subj_16"
"409",409,-1.38663601172868,1.54645068791882,0.296540640566576,0.150957192184937,"phase_018_subj_17"
"410",410,0.321085060943625,1.10398424384496,0.557744860759927,1.13156538433227,"phase_018_subj_21"
"411",411,-0.110357191477358,-0.835872848319384,0.787091014574849,0.436387333068956,"phase_018_subj_26"
"412",412,-1.07140431984734,-0.181889539009391,0.289693054491013,0.673741707915134,"phase_018_subj_28"
"413",413,0.793710364010795,0.408369724025982,0.552785475405603,0.224522629319688,"phase_018_subj_3"
"414",414,0.438765323946586,0.276463928123266,-0.0424334493514927,0.405969797360117,"phase_018_subj_33"
"415",415,-0.676290225039518,-1.79501058917206,-0.492134121359581,-1.66448476011546,"phase_018_subj_34"
"416",416,-0.369788995953406,-1.7212057417233,-0.960045603219681,-3.09189686494231,"phase_018_subj_36"
"417",417,0.521958578858393,0.73748604883229,0.732747232996415,-0.78155604450786,"phase_018_subj_38"
"418",418,0.773829889266127,0.76614151288565,-0.149498616572332,0.173495380845667,"phase_018_subj_4"
"419",419,-0.527507544635084,0.657204199183525,0.794458894218233,-0.869534167874836,"phase_018_subj_41"
"420",420,0.0253951679146268,0.414822882627837,0.47019490945765,-0.544607690155413,"phase_018_subj_42"
"421",421,0.00914158560925987,-0.322142749781774,0.0179076377220131,-0.295523357408759,"phase_018_subj_43"
"422",422,1.60491786486909,2.08616711284864,0.600051092409537,0.449992072493137,"phase_018_subj_44"
"423",423,0.0291257172859467,0.853858470037901,0.241824518938684,0.364167181470637,"phase_018_subj_46"
"424",424,-1.12039722958784,-0.427945414226689,0.0181707918496217,1.5056126356578,"phase_018_subj_47"
"425",425,-0.874222863838093,0.843105169912193,0.516821258626612,0.0213651438639351,"phase_018_subj_48"
"426",426,-0.925898245858046,-0.401566252937913,0.602865863814917,0.66395644582283,"phase_018_subj_5"
"427",427,-0.167241654529045,-0.168947485117515,0.218865958965015,-0.0482111983290866,"phase_018_subj_50"
"428",428,0.411847754240877,-0.95334223866666,0.613406514234435,-0.436907367845574,"phase_018_subj_51"
"429",429,-0.240074081403541,-0.959628943624605,-1.4675816786068,-0.206972048561261,"phase_018_subj_53"
"430",430,0.47351719271466,2.02480138694209,-2.53739856051287,1.41423049012574,"phase_018_subj_54"
"431",431,-0.478478753756682,1.32110501109729,0.43109922088724,-0.353471860617269,"phase_018_subj_55"
"432",432,2.6513618934048,0.197348978068544,-0.410678760777192,0.991436960728864,"phase_018_subj_56"
"433",433,0.638317369387633,0.890600519308306,0.820351497511114,0.829029326121063,"phase_018_subj_57"
"434",434,1.33709819612733,-1.02545351966523,-0.277490716965094,1.07529360849842,"phase_018_subj_59"
"435",435,-1.67460844123744,0.579797082438758,-0.542133501949602,-0.106973023216716,"phase_018_subj_6"
"436",436,0.0225844623866914,-1.22669091309809,-1.08625889403596,-1.19808728140951,"phase_018_subj_60"
"437",437,0.817724698326601,2.58812976759836,-0.974679606601969,-0.984184221174819,"phase_018_subj_61"
"438",438,-0.637773507587084,-1.37017759877487,-3.03891883912449,-1.02966153721097,"phase_018_subj_62"
"439",439,-0.397602417980129,-0.538168358579074,0.734936759786228,-0.655131007713215,"phase_018_subj_65"
"440",440,1.16050549191438,1.04466206587288,0.904960858625776,0.919414925117234,"phase_018_subj_69"
"441",441,-0.0250901528783991,0.705477402737753,0.224200249564038,0.233952636906995,"phase_018_subj_70"
"442",442,-1.24391251845299,-0.419956621230438,-0.405105354920113,-0.374662832308907,"phase_018_subj_71"
"443",443,-0.803599668879106,0.00698021824941065,-0.0326678488046211,0.199741308530152,"phase_018_subj_72"
"444",444,-0.480155319340949,-0.565051110063707,-1.63334749470789,-1.59107373519836,"phase_018_subj_73"
"445",445,-0.991280282922025,-0.376529652525759,-0.652791422403056,1.0970066316835,"phase_018_subj_74"
"446",446,-1.72453006868686,-0.734936853118497,0.365554256225361,0.626581127652627,"phase_018_subj_75"
"447",447,-0.616435077188633,0.0697934619572331,-0.0716830382984401,0.0714249413283188,"phase_018_subj_76"
"448",448,-0.243083563849879,0.857161190390074,0.778965250633891,-0.485331373045253,"phase_018_subj_77"
"449",449,0.335316547285245,-0.342851210142763,0.499872656802598,-1.05459523073579,"phase_018_subj_78"
"450",450,-1.0135239126168,-1.47156619844188,-2.25692047824558,0.26334531831629,"phase_018_subj_79"
"451",451,-0.931956962633935,0.463399913085244,0.148087799581226,-0.294379057131687,"phase_018_subj_8"
"452",452,-0.69772588634526,-0.753566305778983,-2.84789712091378,-1.35190920322169,"phase_018_subj_80"
"453",453,0.475232913472495,0.973192410434115,0.907900593096082,-0.0620998611090058,"phase_018_subj_81"
"454",454,1.49807142247115,1.78060908877428,0.494846796879801,1.5304055456962,"phase_018_subj_82"
"455",455,1.1573619931458,0.377880009634184,-0.759562243687255,-0.951252024237015,"phase_018_subj_86"
"456",456,-1.06149068902374,-1.47061973785133,-1.51604773785039,-1.28609925338159,"phase_018_subj_87"
"457",457,-0.344353281620651,1.56434640180577,0.0286740257278654,0.0425047064628861,"phase_018_subj_88"
"458",458,1.85937382810815,-2.5793474914488,0.360914169839558,0.0228961667859565,"phase_018_subj_89"
"459",459,-1.14596280413621,-0.730292338042001,0.376559963016465,0.643027216207663,"phase_018_subj_9"
"460",460,1.27402923790493,-0.145614181635018,0.599245342737965,0.502203695592782,"phase_018_subj_97"
"461",461,-0.396954088561237,-0.239768518347188,-3.10333706747671,-0.593127052117306,"phase_018_subj_98"
"462",462,0.594506946386063,1.26756466487466,0.656917640563785,-0.503641582956345,"phase_019_subj_10"
"463",463,-0.891022667176567,0.472310918037493,0.312452079619451,1.43823881431388,"phase_019_subj_12"
"464",464,0.459694508067715,0.523756872324521,0.378540897710432,-1.64887135375519,"phase_019_subj_13"
"465",465,0.241289883435342,0.0502886480423135,0.643550153748728,0.281031730641914,"phase_019_subj_14"
"466",466,-1.19346035878426,0.666487619356849,0.163199296229262,-0.611819398702556,"phase_019_subj_15"
"467",467,-1.14086839038316,0.126052764700543,0.393660172309607,1.21278642641331,"phase_019_subj_16"
"468",468,1.20592284159129,1.62581664927246,0.18104161213682,0.203651134003539,"phase_019_subj_18"
"469",469,-0.430701159239547,-0.0243002783609279,-0.562465872062307,-0.711410287600761,"phase_019_subj_19"
"470",470,0.641033802530926,-0.640672030922182,-2.06733332450944,-0.950739905045508,"phase_019_subj_2"
"471",471,-1.34153200866265,0.0528094709721588,-1.67182180345869,-0.149987658560091,"phase_019_subj_20"
"472",472,-1.83422763654553,-0.134533054337885,0.15159468822738,-0.23261788964754,"phase_019_subj_21"
"473",473,-0.278333131476204,0.633114662705332,0.802421038997465,-0.381878974084662,"phase_019_subj_22"
"474",474,-1.71079034100666,-1.7527024522559,0.376855397334836,0.0708160723129183,"phase_019_subj_23"
"475",475,1.33943125489822,-0.315360279307355,0.64176935242702,-0.160282111557757,"phase_019_subj_25"
"476",476,1.77956833663121,0.211714358722023,0.33153886343314,2.01410930199837,"phase_019_subj_26"
"477",477,1.31305907460533,0.55582947203466,0.431311631832747,-0.0985945010229541,"phase_019_subj_27"
"478",478,-1.32166118635069,-0.22464707354512,0.70908550666503,1.80413306177905,"phase_019_subj_30"
"479",479,1.55232417722829,-0.276629650838581,0.485444456312091,0.990888547452129,"phase_019_subj_31"
"480",480,0.759159183100367,0.526883580639656,0.946323288256625,0.433444546529221,"phase_019_subj_33"
"481",481,-1.02680209500419,-0.884526769999745,0.42241778803197,0.83743876210532,"phase_019_subj_34"
"482",482,1.69981368029275,0.0485539753141434,0.736892860332262,-2.84973700535922,"phase_019_subj_35"
"483",483,-0.951228820010976,0.24068752787501,-2.5172305142975,0.481566838485978,"phase_019_subj_39"
"484",484,0.0783931517910961,0.724062682031843,0.0391707817961885,0.6007680910642,"phase_019_subj_4"
"485",485,-1.74510071854556,-1.30194784190754,-0.494314574190966,-1.33692196188556,"phase_019_subj_40"
"486",486,0.858458213391303,-0.636462842066146,0.332593084921053,0.688381614057009,"phase_019_subj_41"
"487",487,-0.816961186771897,0.651869984695854,-0.0671331255914578,0.8627843956601,"phase_019_subj_42"
"488",488,-1.16930442805428,2.25939414281798,0.832253083394557,-0.242448551872351,"phase_019_subj_43"
"489",489,0.284037733889986,-1.29476250377398,0.168871701937207,-0.311633844669924,"phase_019_subj_45"
"490",490,0.557721583654566,-0.553711360387961,0.414343515739034,1.84371995472645,"phase_019_subj_46"
"491",491,-0.21153275042758,0.647697056857774,0.149570968985852,0.122255560813051,"phase_019_subj_47"
"492",492,0.799053913614468,2.57844828614926,0.344689174319065,1.05154555991732,"phase_019_subj_48"
"493",493,0.176672654713344,1.78366555822355,-2.58709056472243,0.697380573212642,"phase_019_subj_49"
"494",494,0.948360384514627,-0.739666441233302,0.0486964030462047,2.23587989230979,"phase_019_subj_53"
"495",495,0.496269402806192,0.773847680490149,0.736927630592761,0.192790852412681,"phase_019_subj_54"
"496",496,-0.309097715509623,-0.786933720762038,-0.130631045626452,-0.15527710543388,"phase_019_subj_6"
"497",497,0.711964781647322,1.11070735528908,0.76853364516309,0.178965515032097,"phase_019_subj_8"
"498",498,1.68246560773198,1.3476310611898,-1.122601849314,0.39321436280858,"phase_019_subj_9"
